sex,age,population_number,deaths_number_crdd,deaths_number_strk,deaths_number_iscs,deaths_number_copd,deaths_number_rdin,deaths_number_lwri,deaths_number_allc,incidence_number_crdd,incidence_number_ishd,incidence_number_strk,incidence_number_iscs,incidence_number_copd,incidence_number_stmc,incidence_number_lvrc,incidence_number_rdin,incidence_number_lwri,incidence_number_allc,incidence_number_adaod,incidence_number_dmt2,incidence_number_tbalc,incidence_number_brsc,incidence_number_carc,prevalence_number_crdd,prevalence_number_ishd,prevalence_number_strk,prevalence_number_iscs,prevalence_number_copd,prevalence_number_stmc,prevalence_number_lvrc,prevalence_number_rdin,prevalence_number_lwri,prevalence_number_allc,prevalence_number_adaod,prevalence_number_dmt2,prevalence_number_tbalc,prevalence_number_brsc,prevalence_number_carc,ylds (years lived with disability)_number_crdd,ylds (years lived with disability)_number_ishd,ylds (years lived with disability)_number_strk,ylds (years lived with disability)_number_iscs,ylds (years lived with disability)_number_copd,ylds (years lived with disability)_number_stmc,ylds (years lived with disability)_number_lvrc,ylds (years lived with disability)_number_rdin,ylds (years lived with disability)_number_lwri,ylds (years lived with disability)_number_allc,ylds (years lived with disability)_number_adaod,ylds (years lived with disability)_number_dmt2,ylds (years lived with disability)_number_tbalc,ylds (years lived with disability)_number_brsc,ylds (years lived with disability)_number_carc,incidence_number_utrc,prevalence_number_utrc,ylds (years lived with disability)_number_utrc,deaths_number_lvrc,deaths_number_ishd,deaths_number_stmc,deaths_number_dmt2,deaths_number_tbalc,deaths_number_brsc,deaths_number_carc,deaths_number_utrc,deaths_number_adaod,age_cat,sex_age_cat,deaths_rate_crdd,deaths_rate_ishd,deaths_rate_strk,deaths_rate_iscs,deaths_rate_copd,deaths_rate_stmc,deaths_rate_lvrc,deaths_rate_rdin,deaths_rate_lwri,deaths_rate_allc,deaths_rate_adaod,deaths_rate_dmt2,deaths_rate_tbalc,deaths_rate_brsc,deaths_rate_utrc,deaths_rate_carc,incidence_rate_crdd,incidence_rate_ishd,incidence_rate_strk,incidence_rate_iscs,incidence_rate_copd,incidence_rate_stmc,incidence_rate_lvrc,incidence_rate_rdin,incidence_rate_lwri,incidence_rate_allc,incidence_rate_adaod,incidence_rate_dmt2,incidence_rate_tbalc,incidence_rate_brsc,incidence_rate_utrc,incidence_rate_carc,prevalence_rate_crdd,prevalence_rate_ishd,prevalence_rate_strk,prevalence_rate_iscs,prevalence_rate_copd,prevalence_rate_stmc,prevalence_rate_lvrc,prevalence_rate_rdin,prevalence_rate_lwri,prevalence_rate_allc,prevalence_rate_adaod,prevalence_rate_dmt2,prevalence_rate_tbalc,prevalence_rate_brsc,prevalence_rate_utrc,prevalence_rate_carc,ylds (years lived with disability)_rate_crdd,ylds (years lived with disability)_rate_ishd,ylds (years lived with disability)_rate_strk,ylds (years lived with disability)_rate_iscs,ylds (years lived with disability)_rate_copd,ylds (years lived with disability)_rate_stmc,ylds (years lived with disability)_rate_lvrc,ylds (years lived with disability)_rate_rdin,ylds (years lived with disability)_rate_lwri,ylds (years lived with disability)_rate_allc,ylds (years lived with disability)_rate_adaod,ylds (years lived with disability)_rate_dmt2,ylds (years lived with disability)_rate_tbalc,ylds (years lived with disability)_rate_brsc,ylds (years lived with disability)_rate_utrc,ylds (years lived with disability)_rate_carc
female,Under 5,32989.65318383127,0.27466659980129926,0.03531497701259547,0.010651012704651092,0.015050415067520776,0.15253904059955295,0.7375657516361886,21.040713371784616,10.12539715657,0,2.302602373995,1.493909252107,4.277171978996,0,0,79.3033382359,712.278334139,233518.0306192,0,0,0,0,0,6.500996658908,0,0,4.718910796794,12.70693387426,0,0,18.56780366106,18.33807541506,21559.5661401,0,0,0,0,0,2.0832996588970003,0,0.947619396874,0.6699368933931,0.93740340106,0,0,1.333288524068,1.156853244472,923.732582985,0,0,0,0,0,0,0,0,0,0,0,0,0,0,0,0,0,2,female_2,8.325840780160657e-6,0,1.0704864587634972e-6,3.2285918997994543e-7,4.5621622584675164e-7,0,0,4.623844929485789e-6,2.23574872862768e-5,6.377973498095757e-4,0,0,0,0,0,0,3.069264505494289e-4,0,6.979771388210714e-5,4.528417573177724e-5,1.2965192313971663e-4,0,0,0.0024038851755727995,0.0215909615711904,7.078523357549291,0,0,0,0,0,0,1.9706168545276603e-4,0,0,1.4304214629048628e-4,3.8517937134567576e-4,0,0,5.628371889086837e-4,5.558735435281196e-4,0.6535250922451852,0,0,0,0,0,0,6.315009276660286e-5,0,2.8724745652629127e-5,2.0307485188157304e-5,2.841507292715146e-5,0,0,4.041535437303308e-5,3.506715387474856e-5,0.02800067578272497,0,0,0,0,0,0
female,5 to 9,33012.78728207312,0.05127570034451659,0.011658237477857231,0.0015010968437723776,0.008886629907384588,0.11139691586182972,0.058277038728275554,1.4263643962241288,8.81921234287,0,2.03755346611,1.16517905941,5.376351755459,0,0.021364126372789997,204.5148026997,354.255464041,216286.41225599998,0,0,0,0,0,6.875426118837,0,6.4203636723069994,13.18300614035,40.05820955018,0,0,79.35815615429999,8.44281789665,26350.66492567,0,0,0,0,0,3.992294474585,0,2.709711633893,1.8570035585909999,2.8981753272599997,0,0.00451645845958,5.197389717838,0.5425632186395,1252.933549634,0,0,0,0,0,0,0,0,0.005704502041981558,0,0,0,0,0,0,0,0,7,female_7,1.553207243799155e-6,0,3.531430829588868e-7,4.547016375643979e-8,2.691875069940029e-7,0,1.7279674064598795e-7,3.3743565761356175e-6,1.7652868335634792e-6,4.3206421319010685e-5,0,0,0,0,0,0,2.6714534181908e-4,0,6.17201282854553e-5,3.529477985164631e-5,0.00016285664429124139,0,6.471470036821557e-7,0.006195017735165832,0.01073085592604205,6.551595004928579,0,0,0,0,0,0,2.0826554450222235e-4,0,1.9448111477074338e-4,3.9933029670320344e-4,0.0012134149476052496,0,0,0.00240386113042305,2.55743867505386e-4,0.7981957021841399,0,0,0,0,0,0,1.2093176018351317e-4,0,8.208066803751678e-5,5.625103820298765e-5,8.7789476922895e-5,0,1.3680936483762354e-7,1.5743565284050796e-4,1.643494122455171e-5,0.03795297679437017,0,0,0,0,0,0
female,10 to 14,30256.231001951597,0.07548455489171982,0.023513134190586097,0.0019994998668151336,0.012433483137981953,0.18012409412828423,0.06373790673135268,1.9696966870000636,7.122374085520001,0,1.70773016866,0.9742485257919999,10.08195880967,0,0.03436300385254,277.5307891424,213.0767710524,165282.0102541,0,48.35067149417,0,0,0,40.3870289136,0,10.99639500853,18.95644897501,70.0971421779,0,0,166.5776317946,4.678819865262,26408.27010686,0,93.99037019223,0,0,0,6.68156722216,0,3.98907867348,2.685410974272,4.9668228142310005,0,0.007383889140562,10.30539120142,0.3007808757993,1711.728727463,0,4.672044244419999,0,0,0,0,0,0,0.009241765699585538,0,0,0,0,0,0,0,0,12,female_12,2.494843289861546e-6,0,7.771336155210292e-7,6.608555661431066e-8,4.10939589176853e-7,0,3.0544999801824034e-7,5.953289228809292e-6,2.1066043132484493e-6,6.510053042869132e-5,0,0,0,0,0,0,2.3540189407796996e-4,0,5.644226369602504e-5,3.2199930180634816e-5,3.3321925685389205e-4,0,1.1357331271804313e-6,0.009172682120403517,0.007042409579655049,5.462742872482661,0,0.001598040135635244,0,0,0,0,0.0013348334401265954,0,3.634423272290824e-4,6.265304152981668e-4,0.0023167836791495467,0,0,0.005505564516077873,1.5463987781426592e-4,0.8728208779592079,0,0.0031064797920853857,0,0,0,0,2.208327673638208e-4,0,1.3184321184032125e-4,8.875563430550173e-5,1.641586757422175e-4,0,2.440452394776376e-7,3.406039305013e-4,9.941121740506904e-6,0.05657442023603632,0,1.5441593647664317e-4,0,0,0,0
female,15 to 19,31688.711941162837,0.306022285841652,0.0789552250891847,0.00899854250321256,0.020579728973893437,0.8947950647370422,0.12378337491051594,6.034158460664331,9.8499805962,0.4969524058163,1.678655451068,0.905308055728,21.29735626849,0.01747743913533,0.1469035887329,319.6856755493,268.7960106246,173574.032687,0,89.76176498160001,0.01798130996719,0.1159045966372,0.06020117469909,207.2101868943,3.665009077379,23.00541539573,26.75787976653,153.0417421552,0.06173102434394,0,296.83145554780003,5.88128834815,30114.29521513,0,505.0857636513,0.030515865666239997,1.111428899766,0.4262650693686,17.03654221986,0.1379913471022,5.635323968976,3.7201209855529997,10.52993767669,0.006362487894656,0.03174333857854,17.55297838209,0.3678790581871,2899.93573992,0,26.42543641259,0.005133662732173,0.0925092590837,0.04715538650023,0.08588327528930001,0.7387735297265,0.04940333533943,0.0332153798250743,0.019962676321193064,0.005466379547376138,0.0045298101873376346,0.011717896322322497,0.008255112232075394,0.01100434837415296,0.004310543798230759,0,17,female_17,9.657138681113028e-6,6.299617465758225e-7,2.4915883370640843e-6,2.839668119019909e-7,6.49434063842806e-7,1.7250242160444044e-7,1.0481770255208246e-6,2.8237028579717244e-5,3.906229295161867e-6,1.904198085383872e-4,0,1.4294712248791423e-7,3.69781401783682e-7,2.605063988527792e-7,1.3602773777092124e-7,3.4726398455655083e-7,3.1083562545832367e-4,1.5682316363599854e-5,5.297329390304025e-5,2.856878680991851e-5,6.720802129172461e-4,5.515351702455047e-7,4.635833384634228e-6,0.010088313975742143,0.008482389916121543,5.477472009884116,0,0.0028326100836241863,5.674358112307093e-7,3.657598858937616e-6,2.7102166679655984e-6,1.8997671729563166e-6,0.006538927403519333,1.1565661249292514e-4,7.259813979957496e-4,8.443978352989536e-4,0.004829534959936401,1.9480446052385284e-6,0,0.009367103847544635,1.8559568969132994e-4,0.950316165297091,0,0.015938980561567298,9.6298851537101e-7,3.5073337844391265e-5,2.3313460360843883e-5,1.345163761026501e-5,5.37621795783058e-4,4.354589967506781e-6,1.7783379707699186e-4,1.1739577779179647e-4,3.3229301639780054e-4,2.0078089341306704e-7,1.0017238516187905e-6,5.539189606280313e-4,1.1609151513325928e-5,0.09151320966609111,0,8.339069275410978e-4,1.6200288423539557e-7,2.9193126958099174e-6,1.5590199889209227e-6,1.4880815158339187e-6
female,20 to 24,39138.00890041865,0.5305983724468544,0.15845815536989588,0.01697440488324927,0.022962642161739287,0.7860809386028282,0.1621283461959201,7.624073428896756,21.97322869689,1.4093809838840001,2.653657709839,1.305637942943,39.01686477549,0.05387727585396,0.1663062452743,355.3577175895,371.3568565247,225118.8236474,0,73.7623957462,0.037743243111859996,0.6398158834393,0.29731199382310003,320.7364112665,14.96148952628,39.72496709033,41.84440904191,353.1101487529,0.2009020918919,0,520.1188385469,8.269073925641,38174.57966447,0,1074.436727138,0.07057044068181,6.177791734411,2.1449758215,26.33299507681,0.7435194518641,8.96275273251,5.809433877439,24.156743218589998,0.02014209747483,0.0356440561718,29.66131838668,0.5146542420929,4474.959544433,0,59.390853349269996,0.01109546652403,0.5137674140340001,0.2276131604892,0.1399171433276,1.206071264777,0.08057099241730001,0.03379112170418007,0.04862045633924077,0.015348636087477628,0.005338448911758571,0.02092932087266043,0.03872715499993663,0.04620000826459139,0.006233968522984564,0,22,female_22,1.3557112059453252e-5,1.242282315969341e-6,4.048702522733621e-6,4.337063984639162e-7,5.867095135106288e-7,3.921670140790797e-7,8.633837707522881e-7,2.008484745871729e-5,4.142478137005734e-6,1.9479972648315288e-4,0,1.3640062593223712e-7,5.347569143313408e-7,9.895024322385081e-7,1.592816982296174e-7,1.1804383912871255e-6,5.614293959817398e-4,3.6010543803339066e-5,6.780257310970703e-5,3.3359845828259135e-5,9.969046937150818e-4,1.3765972610166095e-6,4.249226006806929e-6,0.009079606438172658,0.009488394196791336,5.751923257521461,0,0.0018846742033780614,9.643628833518985e-7,1.6347686083551785e-5,3.5749683557893853e-6,7.596502790409446e-6,0.008195010944030655,3.822751832968171e-4,0.0010149971397728683,0.0010691501744091636,0.009022179683471911,5.133170989946578e-6,0,0.013289353576219774,2.1127988259904933e-4,0.9753837953688456,0,0.027452513741099048,1.803117804520074e-6,1.5784634701600565e-4,3.081585646949196e-5,5.480544058737377e-5,6.728240862689446e-4,1.8997375511766177e-5,2.2900379923042346e-4,1.484345790870536e-4,6.172195238662639e-4,5.146428763425046e-7,9.107273766146729e-7,7.578647769780317e-4,1.3149729803638397e-5,0.11433794590365919,0,0.0015174725290799018,2.8349593747246846e-7,1.3127070805804442e-5,2.0586380012918378e-6,5.815655085273519e-6
female,25 to 29,44163.23258114207,0.8317090464119546,0.27399823761786274,0.034094492982537965,0.028857631705515183,0.5960714596429734,0.23949348421898692,10.915989701760349,44.26192481462,1.9915219974260001,4.462598149507,2.060967338749,57.65997565038,0.2086078870241,0.1805400648693,337.2514905234,438.2073917408,255218.3547265,0,32.53375796191,0.1118867587676,6.274966180645,0.833285798811,666.3367631274,35.48768774488,62.12648771011,59.07844930348,653.5197205457,0.7787708559853,0,749.2215473661,9.76669686466,43568.03925343,0,1462.105771908,0.2655354961419,55.5096567367,5.972785367044,47.85929402616,1.675475863454,13.04421187755,8.21003461306,43.98860928168,0.07805224038993999,0.04965387809111,41.7206329815,0.6107821227617001,5721.103834221,0,85.1743333475,0.0356315028729,4.747767932459,0.605377962445,0.48544592382859997,4.1879825881579995,0.27849699622019997,0.06116193529885941,0.09487417351437137,0.062004273084272386,0.009294593095911876,0.053792340892350785,0.3329700190000139,0.14274968007189837,0.017854867951539403,0,27,female_27,1.883261251050492e-5,2.148261528185397e-6,6.204216077580821e-6,7.720108105740541e-7,6.534311466556356e-7,1.4039794974326344e-6,1.3849062155150272e-6,1.349700700798562e-5,5.422915629623813e-6,2.471737022806056e-4,0,2.1045998113554568e-7,1.2180344994791074e-6,7.5395300465888864e-6,4.042925960805579e-7,3.2323195501964506e-6,0.0010022347148908677,4.50945703253704e-5,1.0104781486064844e-4,4.666703994012078e-5,0.0013056103976184278,4.7235647128144475e-6,4.0880174370748296e-6,0.007636476562347661,0.009922448293060795,5.778978118451401,0,7.366706660825839e-4,2.5334820897004773e-6,1.420857535533856e-4,1.0992083130162168e-5,1.8868315340820804e-5,0.015088043247357968,8.035572957590389e-4,0.001406746836205064,0.0013377292795524849,0.014797823491407111,1.7633918770652656e-5,0,0.01696482579687841,2.211499542456598e-4,0.9865228767704333,0,0.03310685578148387,6.012591937286879e-6,0.0012569201458410206,9.482962055513776e-5,1.35243391798145e-4,0.00108369091728571,3.79382523771468e-5,2.9536361165554597e-4,1.8590203056299208e-4,9.96045957479647e-4,1.7673579543013052e-6,1.124326168830143e-6,9.446915577306479e-4,1.383010452505932e-5,0.12954449889304392,0,0.0019286254281999703,8.068137405348094e-7,1.0750499125569721e-4,6.306082683338711e-6,1.3707736663812503e-5
female,30 to 34,39816.79638633584,1.292878426083944,0.4433374076891252,0.041424707615585026,0.03669677113154368,0.41040903658832234,0.28284375013186286,13.670646337417176,70.74460878372,3.839496189222,7.5235355693170005,3.27793315708,70.31456944727,0.4366163824678,0.22233449543790001,257.3152281922,408.542090501,223327.3101648,0,25.990127224720002,0.2942509980082,13.771527659410001,1.8889722841299998,736.9915897000001,61.60407272512,90.9908257725,67.85031532693999,889.342855206,1.676127880946,0,814.7448965577,9.09878292537,39414.68929465,0,1407.826856885,0.6267703209187,120.3069665923,13.53973440456,51.21147774267,2.814708890435,15.13805499225,8.89291958091,59.14407016148,0.1657726281123,0.06325388091626,44.49747090982,0.5639001642914,5469.873900508,0,85.83246631391,0.0902603052045,10.03024969238,1.264955732563,0.705228297684,6.07475305166,0.396482788467,0.06991100752232757,0.2548460982931494,0.13320612295011464,0.022487127649141243,0.15687950048598193,1.131526144945338,0.31073233284890345,0.02847958205974008,0,32,female_32,3.2470679296730885e-5,6.400467175219713e-6,1.1134431896215234e-5,1.04038273731638e-6,9.21640474926233e-7,3.345475654486049e-6,1.755816988488791e-6,1.0307434897729863e-5,7.10362901594283e-6,3.4333868061039215e-4,0,5.647648653335225e-7,3.940033220247202e-6,2.8418312060225176e-5,7.152655322494399e-7,7.804051582500978e-6,0.0017767529084283093,9.642905853017402e-5,1.8895381477498517e-4,8.232538663519669e-5,0.0017659524579782683,1.0965633152184894e-5,5.5839373233503e-6,0.00646247944449153,0.010260546492414487,5.608871894109505,0,6.52742801619248e-4,7.3901223783332755e-6,3.458723179481124e-4,1.7711829220042857e-5,4.744159388921228e-5,0.018509565223407017,0.0015471880793066774,0.002285237237311384,0.001704062644030914,0.02233587169035028,4.2096000509001436e-5,0,0.02046234178793201,2.2851619796545163e-4,0.9899010686901011,0,0.035357612481553946,1.5741354850281033e-5,0.003021512967165446,1.5256759968124178e-4,3.4005082360685627e-4,0.0012861777538748583,7.06914956975529e-5,3.801926916813683e-4,2.2334593407825836e-4,0.0014854050433293225,4.163384379391938e-6,1.5886230600402397e-6,0.0011175552768753253,1.4162369036925253e-5,0.13737604219673305,0,0.002155684889389183,2.266890191986293e-6,2.5191001292665876e-4,9.957676770878115e-6,3.176940003634e-5
female,35 to 39,37411.90629846394,2.362472034600781,0.8108631283917878,0.0626950739579957,0.08244145273677572,0.43343120345497915,0.49234216443152085,22.381519452961378,107.44288323239999,7.1149287649440005,12.41781579988,5.25336733227,98.3846549522,0.6707585713063,0.2972202565821,206.9821842147,396.9164024132,203344.7293405,0,33.95147311536,0.6659828845382,29.98128922699,3.3463232432970003,722.2698058027,112.1161529011,142.2923092218,88.0255812832,1236.89172811,2.380026456103,0,876.51436652,8.837545565860001,37124.60779019,0,1411.551842653,1.3897941471470001,262.9595727481,24.09451518938,49.59911489846,4.746848504472,20.28739058254,11.41754991062,81.499419477,0.2453059041059,0.08979507294619,47.37895647411,0.5491846644863,5534.976405386999,0,89.16635544078,0.2028684159141,21.37257119657,2.130088220877,1.557129393871,13.42698018387,0.871260290342,0.12811935836299623,0.6184082661502285,0.23484528881121086,0.03664645166336308,0.4058077700047539,2.9633670802145953,0.5988505967915433,0.06329597833661052,0,37,female_37,6.314759840767e-5,1.652971813883804e-5,2.167393240865356e-5,1.6758053828593557e-6,2.203615396635392e-6,6.277287421220051e-6,3.424561083332355e-6,1.1585381402304404e-5,1.3160039493944083e-5,5.982458972928712e-4,0,9.79539812032185e-7,1.0847021981914232e-5,7.920919764348564e-5,1.6918672315612352e-6,1.6006952225691075e-5,0.0028718900976401566,1.9017819375956595e-4,3.3192149314214045e-4,1.4041966454100987e-4,0.0026297685599688215,1.792901345243239e-5,7.944536539008259e-6,0.005532521720851159,0.01060936054010957,5.435294521435518,0,9.075044945452027e-4,1.780136193074834e-5,8.013836287251948e-4,4.1621225645348435e-5,8.944540854456255e-5,0.01930588086157895,0.0029968040657073728,0.0038033963863435168,0.002352876129351745,0.03306144622095305,6.361681859020157e-5,0,0.02342875445927191,2.3622280819790394e-4,0.992320666421488,0,0.03773001651912497,3.7148445098186895e-5,0.007028767009365054,3.588959107497093e-4,6.440333458861805e-4,0.0013257574875433825,1.2688069051073445e-4,5.422709663787691e-4,3.051849274809283e-4,0.00217843535763229,6.556894004515664e-6,2.4001736834745793e-6,0.001266413854887028,1.4679408745040305e-5,0.14794692259812098,0,0.0023833684049519013,5.422562921430961e-6,5.712772566589989e-4,2.328831584766832e-5,5.693610488285804e-5
female,40 to 44,34506.579673829,3.7261438226488077,1.239483801749339,0.10125102290707524,0.22166019733900344,0.4013990144729922,0.6998697709073538,30.520919714661346,204.9858746434,12.86338600963,18.26829910779,7.84986770051,118.25602897510001,0.961233726198,0.4013554533336,168.0058618691,367.4864825788,178384.6475288,1.497807835105,68.19218518356,1.525041111375,47.19840577904,5.300911948873,1486.048705734,196.5313325903,204.1448477767,116.66322869289999,1663.794499673,3.310524621321,0,906.039663872,8.17823300441,34306.39490354,2.522992087749,1465.457144571,3.142721064128,419.4370240685,38.25428621691,71.8974599977,7.97190329808,27.336302136780002,15.0052520536,108.0968455127,0.34684606899139997,0.1213295603177,48.727517096949995,0.5073767741896,5405.521940839,0.3360556522085,95.7225227475,0.4621455148879,33.5560700987,3.300181443099,2.9486425525130002,25.38534008882,1.644076569435,0.18899418785083585,1.164879955932695,0.3860501158731831,0.049285469845750406,1.0492486011834679,4.902890504993145,0.9733978772178091,0.13783994385434145,0.049780456371463645,42,female_42,1.0798357466517742e-4,3.375819820288305e-5,3.592021618675255e-5,2.9342526516433494e-6,6.423708157523311e-6,1.1187724762126368e-5,5.477047845288928e-6,1.163253554154564e-5,2.0282212190336546e-5,8.844956528047165e-4,1.442636646170379e-6,1.4282919463945085e-6,3.0407203817399924e-5,1.4208567036598152e-4,3.994598860775648e-6,2.8209051329305414e-5,0.005940486613886814,3.7278067346054706e-4,5.294149486987642e-4,2.274890115076695e-4,0.003427057392906128,2.7856534472091804e-5,1.1631273140583159e-5,0.004868806571302155,0.010649751034511098,5.1695835755084465,4.34064415906451e-5,0.001976208184877835,4.4195661401110834e-5,0.0013678088708060777,8.54516031546689e-5,1.5362032397819473e-4,0.04306566225284482,0.0056954741515385906,0.005916113671837798,0.00338089807206773,0.048216731863890874,9.593893838837402e-5,0,0.026257011631876465,2.3700503155381285e-4,0.9941986492958377,7.311626106085865e-5,0.042468919215498314,9.107599460260473e-5,0.012155276704709617,7.356666562949191e-4,0.0011086084618790368,0.0020835869760870433,2.3102560072408947e-4,7.92205498057891e-4,4.3485190927168327e-4,0.0031326444560567223,1.0051592254866691e-5,3.51612827074022e-6,0.0014121224867124878,1.4703768932926503e-5,0.15665191948707502,9.738886188809271e-6,0.0027740368257970034,1.3392967928328386e-5,9.724542512148805e-4,4.76453066335614e-5,9.563919328701168e-5
female,45 to 49,37654.395410353536,7.533207003313742,2.315929874741322,0.24115859138644447,0.6639818635278653,0.5021966155243718,1.206851054558211,57.246808713942265,275.7976596706,24.26212865059,29.40686064054,12.92886381387,149.3823870962,1.578919691262,0.710393476141,178.9050440913,390.5821362212,181393.167152,5.020077323039,143.5331794981,4.646720135923,86.164023449,9.67384801269,2203.792353538,370.4566041867,337.3218707366,188.7558948706,2497.618950096,5.52805995758,0,1100.025618714,8.58979649614,37453.44142721,18.8022171907,2077.8346466049998,9.128464413869999,776.273800499,68.0057473439,106.7499608636,14.51736519068,44.0190226053,23.760994881800002,159.6330663019,0.569318733291,0.204892107164,58.84388703089,0.5303048705588,6180.56174613,2.431061835706,140.245128238,1.3666180219219999,61.8550220054,5.78731090388,7.32032455159,62.8075243328,4.071542946516,0.423177467242785,2.781449085408206,0.6499812820957711,0.2185642040615675,3.4028054519796327,9.922657970761177,2.2184678408531875,0.37991131755013957,0.24564292712257324,47,female_47,2.0006182335999997e-4,7.386784610657731e-5,6.150490134027032e-5,6.4045269817327875e-6,1.7633581851251695e-5,1.7261763866139537e-5,1.123846134378318e-5,1.3336998511103081e-5,3.205073515073283e-5,0.001520322079004927,6.523618941310387e-6,5.804480504325681e-6,9.036940880065198e-5,2.635192482212268e-4,1.008942816396086e-5,5.891657047408581e-5,0.007324447960589644,6.44337225075159e-4,7.809675423032878e-4,3.4335603248897344e-4,0.003967196537568772,4.1931882694041526e-5,1.8866150110742947e-5,0.004751239321242903,0.01037281655872251,4.817317212909591,1.333198227811319e-4,0.0038118572329708367,1.23404454786315e-4,0.0022882859360771504,1.944082349965759e-4,2.5691152141112475e-4,0.05852682879438931,0.009838336272552086,0.008958366402129225,0.005012851562574797,0.06633007708335822,1.4681048247716633e-4,0,0.02921373737982086,2.2812201344701795e-4,0.9946631998481568,4.993365843693801e-4,0.055181729090614313,2.424275921678991e-4,0.0206157552667956,0.0016679998084773472,0.0018060507041151692,0.0028349933573557735,3.8554237911593906e-4,0.0011690274701156517,6.310284529297375e-4,0.004239427152188637,1.5119582377744376e-5,5.441386189609684e-6,0.0015627362062148567,1.4083478562850229e-5,0.16413918425126484,6.456249819476719e-5,0.0037245353884884816,3.62937183568809e-5,0.0016427038950250204,1.0812928748808112e-4,1.536954940003819e-4
female,50 to 54,38144.6808219449,11.682954857654742,3.537312488822134,0.3689279869673372,1.9015098520920206,0.5324673537007142,1.9521184268172518,88.22607409509793,379.2725293251,43.24296481744,41.69749589347,20.171255726720002,180.6430308528,2.309124409542,1.387761793034,183.9306888338,385.8079355574,174948.07945299998,8.08522676625,172.6328706317,11.17208630175,100.5371493471,16.26706221126,2892.882976809,605.023168229,507.2813584127,282.67807500600003,3343.217607503,7.89281134307,0,1234.601075865,8.3894934107,37938.87914684,50.7716556154,2862.107996088,27.99205149629,929.556717085,113.79129419099999,144.2091587918,22.24687876954,65.75369189989999,36.22073024986,212.675687642,0.810350091312,0.3950556715901,65.6085518379,0.5167222298323,6449.656559630001,6.2972736971000005,194.6534972842,3.472838514098,72.5927045881,9.42078026714,16.33029853311,139.6478909352,8.90817577071,0.865535481072983,4.6917465434785814,1.0187081242158236,0.312844492475049,7.379610699812078,14.123473290311392,3.9088321281424845,0.8572572589079521,0.5721762069629004,52,female_52,3.0628005283854563e-4,1.2299871023640566e-4,9.273409588440161e-5,9.671806894634975e-6,4.9849934803965345e-5,2.6706426748490544e-5,2.269085656039975e-5,1.3959150849530297e-5,5.117668793532503e-5,0.0023129325555751104,1.5000157155168104e-5,8.20152340336447e-6,1.9346368984601744e-4,3.7026062313217885e-4,2.2473834894818834e-5,1.0247384547241265e-4,0.009942999158794949,0.0011336564859277054,0.001093140511205461,5.288091364790065e-4,0.0047357331863916085,6.053594786441481e-5,3.6381528515388995e-5,0.004821922345932526,0.01011433120539947,4.586434482690733,2.1196210302534536e-4,0.0045257390260395915,2.928871355327378e-4,0.0026356793969884336,4.2811469859553954e-4,4.2645689676085706e-4,0.07583974788811719,0.015861272271569932,0.013298875425924589,0.007410681356216077,0.08764570932206159,2.0691774509564673e-4,0,0.03236627097833062,2.1993874977906398e-4,0.9946047084240773,0.0013310284559044131,0.07503295176195077,7.338389230979219e-4,0.02436923568515533,0.003661005621912547,0.0029831497272756065,0.0037805837061516442,5.832236183436935e-4,0.0017237971450549255,9.495617598410198e-4,0.005575500516959267,2.1244117760340516e-5,1.035676962232757e-5,0.0017199921568135114,1.3546377075333294e-5,0.16908403532687233,1.6508917000760784e-4,0.005103031224532215,9.104384777287354e-5,0.0019030885309266217,2.335365135781937e-4,2.469749402574673e-4
female,55 to 59,32900.9724825377,16.665893282562216,4.518439101647037,0.542132134518676,3.930191864909194,0.5009034801437252,2.515486895315098,117.18221104647745,483.5922288535,60.5892014449,48.23974232709,25.790136333190002,190.7995090386,3.156276050443,1.895665620285,151.5248495655,325.7395735587,146122.0301688,12.93075795197,138.5312202002,20.8254292168,93.35500698930001,22.17148255941,3506.2708919799998,805.486314813,617.1184741129999,360.9584662295,3737.430008322,10.46764315721,0,1168.950563048,7.0125380044500005,32738.8109363,87.10630396490001,3116.788655349,58.065903304689996,905.8624193850001,153.1848813384,180.672867966,27.894240924080002,83.1838036256,47.96302795945,238.2424631539,1.094187863888,0.5248762562456,61.7103479663,0.43645607705190004,5805.617559662,10.539820442389999,208.1438609722,6.55535993827,68.8204138998,12.67799198846,26.59876402065,225.8146942085,14.2466256435,1.2962687169740008,7.329937384926476,1.4705385034034564,0.4501598237337405,13.195394365235659,15.383715317751822,5.61607264513002,1.606150301056543,1.285137906398408,57,female_57,5.065471329580818e-4,2.2278786406136977e-4,1.3733451508295732e-4,1.6477693320658363e-5,1.1945518835332774e-4,4.469589779402264e-5,3.939910036586304e-5,1.5224579772211336e-5,7.645630829454057e-5,0.003561664054418826,3.906078785605804e-5,1.3682264983889591e-5,4.0106396162724854e-4,4.675763102721897e-4,4.88177150966894e-5,1.7069625063851135e-4,0.014698417474139046,0.0018415626309239922,0.0014662102268464376,7.838715511183812e-4,0.0057992057572118115,9.59326066157529e-5,5.761731271898212e-5,0.004605482395571204,0.009900606242918423,4.4412678149971025,3.9302053940299314e-4,0.004210550927445258,6.329730596216621e-4,0.0028374543347874743,8.084491737977466e-4,6.738853257659052e-4,0.10657043325515575,0.024482143050346447,0.018756846000237155,0.010971057661626262,0.11359633853697344,3.181560412162813e-4,0,0.035529362047532924,2.131407516349837e-4,0.9950712233103819,0.0026475297656059246,0.0947324173169424,0.0017648689057902065,0.027532998298630523,0.006863465641581017,0.004655937796966439,0.005491414214637356,8.478242075940145e-4,0.0025283083553153357,0.0014577997043979944,0.007241198213224487,3.325700674862252e-5,1.5953214043268167e-5,0.001875639025534974,1.3265750040779208e-5,0.17645732395124036,3.203498148264172e-4,0.006326374124128795,1.99245172517295e-4,0.002091744064292527,4.3301533567317635e-4,3.853379104580841e-4
female,60 to 64,28622.649603138583,27.548319079512076,6.780613401437982,1.4819316270116791,9.23738829140029,0.5310918181182499,4.017932876577499,173.51022863842798,680.037612682,95.6093350334,58.680686492,35.64701694968,211.1199093205,4.361343130982,2.478469458741,121.6421868538,397.7598406751,126355.4758953,26.68702255675,116.18112851859999,33.04634342019,102.5352960881,29.24949628825,4411.441520998,1052.413444757,723.963353686,458.55915901550003,4157.36696314,13.28184136675,0,1109.614856094,8.067277175240001,28522.98115076,156.91260662029998,3222.89957181,88.9777976563,1013.924406817,197.4040597573,231.5722669828,34.918695997520004,100.5657227533,62.5340144802,266.4993952169,1.458493580934,0.6408142725338,57.7037302816,0.4978045902028,5424.641566139,18.81136947844,211.100515814,10.08541656113,76.7556850374,16.382794162899998,30.93419399031,257.0048815798,16.36549492757,1.9779957724287485,12.442015454704082,2.240272573717258,0.8439906086076172,21.595529833190817,17.405533997629817,8.042509135348332,2.8444395439593824,3.1564948787364706,62,female_62,9.624657207308752e-4,4.346912542065905e-4,2.3689677564632107e-4,5.1774788412641565e-5,3.2273002043763885e-4,7.826922401592073e-5,6.910596327922953e-5,1.8554949506142635e-5,1.403759935675877e-4,0.006061990453162027,1.1027961850150829e-4,2.9486809233589276e-5,7.5449094100718e-4,6.081035207768198e-4,9.937722689542616e-5,2.809840894138061e-4,0.023758723322645548,0.0033403383809343795,0.0020501486517015334,0.0012454128965674503,0.007375973651906422,1.5237384349294351e-4,8.659119589226381e-5,0.004249857666582393,0.013896681341181081,4.414527573346831,9.323742884314828e-4,0.004059062669930469,0.0011545522122650147,0.003582313220815749,0.0010807592734852173,0.001021900372390496,0.15412414930706725,0.036768554251581195,0.025293373035828754,0.01602084941029419,0.14524745335540595,4.6403255990995306e-4,0,0.03876702092500642,2.818494195015193e-4,0.9965178467486233,0.005482113249330136,0.11259962360216284,0.0031086499289899156,0.03542384862601327,0.00897907374555633,0.00689677798856378,0.008090525167782064,0.0012199672805165822,0.003513501515326959,0.0021847737839526538,0.009310787048438636,5.0955924806278963e-5,2.2388363111692224e-5,0.002016016374503378,1.739198142397739e-5,0.18952269064371202,6.572197102387496e-4,0.007375296093861695,3.523578949177401e-4,0.0026816415007569197,5.71767294589508e-4,5.723716843147729e-4
female,65 to 69,28350.498803312017,48.833260735661156,12.265989942242145,2.994387043063246,18.633825405598166,0.7200196802605057,6.7760844280992325,276.0416359342519,1131.830309468,159.801317151,80.6794794515,54.24866965763,257.9938806078,6.34880687237,3.8228335708229997,114.6370918704,623.632459145,133866.8492808,60.6434191409,115.1610811174,53.75480789873,115.9769047101,44.56108744796,6313.3173338199995,1666.123155072,923.754096217,665.609495967,5214.208222827,17.92943368512,0,1177.077507488,12.95009627894,28290.92238167,339.5528401684,3666.9869642679996,138.1298505663,1142.174397508,295.7160642054,327.5426000393,52.18863112925,131.6013278146,92.77914424480001,338.7260915444,2.0632710326990003,0.982530073418,60.086468777600004,0.791307191528,5889.66605346,39.96980588951,234.8483744113,15.62419159589,86.2407779714,24.63126173311,34.728935085719996,279.5530976255,18.07419684619,3.1415329710435613,21.391933316661977,3.526807556703989,1.4078848773899282,35.56863800181444,22.426309790936948,12.613826917981811,4.574769100207522,8.00167665767244,67,female_67,0.0017224833000100959,7.545522731389433e-4,4.3265517221902224e-4,1.0562025958828738e-4,6.572662278316348e-4,1.2440019419665283e-4,1.108105008253525e-4,2.5397072737795714e-5,2.3901111846778595e-4,0.009736747062171746,2.8224112433385666e-4,4.965996849499712e-5,0.0012546036049869843,7.910375738545037e-4,1.6136467763569224e-4,4.449243382098171e-4,0.039922765286082906,0.00563663159014089,0.002845786947567734,0.0019134996542386218,0.009100153136552932,2.2393986491794308e-4,1.3484184519449799e-4,0.004043565253144951,0.0219972305768442,4.721851640407863,0.0021390600412933614,0.004062047793809766,0.0018960797928694697,0.004090824133808578,0.0012249849756316394,0.001571792008215185,0.22268805136798697,0.05876874218796309,0.03258334545101843,0.023477876018507333,0.18391945267001283,6.324203961810158e-4,0,0.04151875829960668,4.56785482639449e-4,0.9978985758926027,0.011976961764381094,0.12934470711462784,0.004872219410480465,0.040287629696820954,0.009860605965523312,0.010430718212649341,0.01155332759087241,0.0018408364343541327,0.004641940472639086,0.0032725753747218436,0.011947800068506332,7.277723919474605e-5,3.465653568335866e-5,0.002119414871479456,2.7911579158372916e-5,0.20774470651542631,0.0014098448908010242,0.008283747529121572,5.511081728856468e-4,0.0030419492288200943,6.375265906813075e-4,8.688122880657211e-4
female,70 to 74,25520.103827698167,86.27477925511695,23.30140933476377,8.12840635851997,28.89852498254407,0.8805433034118597,12.874058702412556,402.0515931705242,1570.890142154,247.86064318130002,98.6771540583,67.9606040497,252.1265330685,10.21398413195,5.029348237927,107.1573415358,767.597310889,128427.6511049,129.4606145345,181.29235010669998,61.14939896073,104.9789961245,54.409347066159995,7728.92376456,2189.33124609,1050.535052559,858.928056574,5821.578644795,30.459357388969998,0.845227011277,1137.478562485,16.2428776905,25490.23828878,681.112928754,3838.192206504,140.2905069301,1025.913946117,346.3031233553,419.6325453755,67.2645880777,164.1133860103,130.7922154185,382.3020655506,3.197593773857,1.258084980798,56.6866514555,0.962126896381,5792.03869826,93.6112142218,242.739477538,16.82105082719,77.6031348404,29.43137145813,32.71454251992,251.6058512285,16.68738969627,4.3156935341882114,35.888690301120064,5.342682797375025,2.552464080674704,42.9752622516213,25.181315580682092,17.151768983233353,5.661297916225701,20.709671482576265,72,female_72,0.00338065941414701,0.001406290920422055,9.130609143319259e-4,3.1850992509277443e-4,0.0011323827354957367,2.093519224469753e-4,1.691095601854169e-4,3.450390756075862e-5,5.044673324737706e-4,0.015754308676995222,8.115042016443165e-4,1.0001777805873951e-4,0.0016839767793177327,9.86724652481689e-4,2.2183679010275923e-4,6.72088526717424e-4,0.06155500591847276,0.009712368133560852,0.00386664391040608,0.002663022239585842,0.009879526148120732,4.002328595883016e-4,1.9707397242124116e-4,0.004198938306022764,0.030078142160843823,5.032410995346791,0.005072887454085916,0.007103903312099181,0.0023961265743112567,0.0041135802907886826,0.00128191259490149,0.00213201903227004,0.30285628211948873,0.085788492902361,0.04116499915720582,0.03365691857576869,0.2281173573626518,0.0011935436311160705,3.3120045944312944e-5,0.04457186264463553,6.364738090473927e-4,0.9988297250230718,0.02668926950111998,0.15039876923769524,0.005497254551834391,0.04020022618417122,0.0098591233377123,0.013569816396257798,0.01644321465965405,0.002635748997411781,0.006430749150486607,0.005125065959823607,0.014980427514392382,1.2529705190252797e-4,4.929780024768321e-5,0.0022212547346290696,3.770074380875984e-5,0.22695984065604108,0.0036681361037488943,0.00951169631506528,6.59129404047852e-4,0.0030408628179707355,6.538919202263744e-4,0.0011532622146382787
female,75 to 79,18962.22854554782,136.9864502753138,40.491835644253946,15.326347099121474,38.98028536286058,1.0622803414075361,22.468242976704268,543.4277350187416,1672.251000367,295.0400661234,96.8622639667,66.1731829397,169.9010599462,12.535648818199999,6.133277929673,95.077313467,726.023989869,101057.9759412,217.1963430302,239.0331520529,57.78049871667,91.0159048838,58.3036360742,7385.6831345499995,2270.147072612,988.922537472,891.696657755,5133.487241942999,31.558644013749998,3.8115152019950003,907.531287111,15.60534583375,18949.70460496,1127.504054977,3692.734600858,117.3542767397,844.5659838,345.0036004769,443.0672033096,66.0885086667,172.6459248859,151.22638206739998,338.3608204873,3.530535066458,1.5384462342999998,43.70322814568,0.890027976737,4777.211278234,152.1264017192,232.7571897863,15.03456519707,66.5551256658,30.54092664017,22.92351723432,161.6202904326,11.30335304116,5.249689799406321,55.09505910239776,7.564167121918123,3.8414159869430913,41.848366533299384,26.666704729728036,20.830535594641887,5.468355755088726,51.80197905687105,77,female_77,0.00722417462410963,0.0029055160352095665,0.002135394347082749,8.082566383116386e-4,0.0020556806004752453,3.989070748593065e-4,2.76849832644745e-4,5.602085951321113e-5,0.0011848946405605702,0.028658431877530244,0.002731850791294979,2.0258251701354085e-4,0.002206932926305492,0.001406306472136112,2.883814917615605e-4,0.0010985278204303011,0.08818852680475846,0.015559356085952937,0.0051081687858594285,0.003489736598245829,0.008959973219291855,6.610852088449946e-4,3.234471051195638e-4,0.00501403689121358,0.038287904194650405,5.329435603966898,0.011454157010526909,0.012605752086509003,0.0030471364996935662,0.004799852752812106,0.0012089041738557811,0.0030747248897540175,0.3894944687967121,0.11971942365102506,0.05215223174304537,0.04702488716519364,0.27072172606780975,0.001664289824265393,2.010056567370038e-4,0.047859948788776786,8.229700320437289e-4,0.9993395322412797,0.05946052449841023,0.19474159337273805,0.006188844125457704,0.04453938426969848,0.008523275101572761,0.018194253889947134,0.02336577698372002,0.003485271180439234,0.009104727562543586,0.007975137611286029,0.017843937471513305,1.8618777101950612e-4,8.113214280719208e-5,0.002304751682572731,4.69368869064692e-5,0.2519330081250208,0.008022601423339456,0.012274780320636391,7.928691061262414e-4,0.003509878889284172,5.960983443485569e-4,0.001610619056025499
female,80 to 84,14915.47228817602,237.24040892412268,75.48223062657964,41.760864362842334,49.280683779862564,1.2309944444805831,47.93168381392351,808.4412996850133,1793.9162493019999,332.5139618652,124.8792331674,85.8838728591,118.8613282188,14.196957512080001,6.698912376908,80.5075133396,1127.623903936,89249.2752853,309.8533868564,164.1124470854,47.80294403295,70.1704159735,54.8490958358,6719.88008468,2250.463266439,995.952560327,944.94477966,4524.4032714859995,29.21207834358,5.116056118782,767.26872905,22.56169445193,14910.541722909998,1791.835649923,3761.607165385,79.3782235719,600.028120532,256.634648808,453.1367915403,65.4046390446,188.3528155234,172.2595849355,296.4943433876,3.6464722585639997,1.669418605987,35.11806685655,1.252971425657,4299.278067298,293.4955677404,234.8884942403,11.37597995974,48.97795674589,25.48810786895,13.168201984680001,77.5781410904,6.05816557791,5.8025725329600135,91.5070390757265,9.86946662621366,6.302458156672663,39.33833679894953,29.86696912809123,27.855960292410447,5.2998757506025935,116.9081131194474,82,female_82,0.015905658522941367,0.006135041338802734,0.005060666478956677,0.002799835201728579,0.0033039975421313987,6.616932025704279e-4,3.8903042564464427e-4,8.253137552046759e-5,0.0032135545484483596,0.05420152202125648,0.007838042997279025,4.2254499454695956e-4,0.0026374181144860095,0.0020024152471368774,3.553273840885332e-4,0.0018675882167333562,0.12027217205345188,0.022293223804169753,0.008372462551279441,0.005758039115340848,0.007968995277006764,9.51827554487456e-4,4.491250593666045e-4,0.0053975839171663985,0.0756009519611326,5.983670752152501,0.02077395746308555,0.011002832757464694,0.0032049232574985205,0.004704538657426649,8.828551808660369e-4,0.003677328801668631,0.4505308283135672,0.15088112685664104,0.06677311593522411,0.06335332609005538,0.30333623931389964,0.0019585084386994143,3.4300329348857853e-4,0.05144112866330346,0.0015126369461203979,0.9996694328432408,0.12013267936164826,0.2521949753054047,0.0053218712782447854,0.040228569966749346,0.005201185694394586,0.017205935142358356,0.030380318020470344,0.0043850196481172365,0.0126280155186714,0.01154905333249526,0.01987830741522283,2.4447581599240924e-4,1.1192529299326326e-4,0.002354472334368469,8.400481067235606e-5,0.28824283832474934,0.01967725607811048,0.01574797563912902,7.626965971944522e-4,0.0032837013672518045,4.061665270038083e-4,0.0017088367955438628
female,85 to 89,10002.68202985036,360.45739265149587,119.52518400947808,72.13274615346302,55.05102359253911,1.04006488779963,104.41901577957348,1120.980014678739,1518.829310704,299.3669960446,136.6561170426,94.7513392048,91.5387477827,14.8102853823,6.123931253417,49.94470172752,1420.895805832,68421.2696169,313.5127844296,40.22738126717,36.86735566484,78.8595946148,61.6099604552,4836.852708157,1679.893566191,855.014502683,818.1375500839999,3308.33783718,26.95480697085,4.373820418445,539.383252842,28.631925786449997,10000.853392,2058.374985471,2809.57315381,55.29426892174,538.921463198,247.8401422151,369.905511479,50.368669559400004,172.3057278592,157.9835222276,212.83098649250002,3.497045900016,1.493570980681,22.7986159269,1.557063652952,3307.746529959,327.7369636261,173.2332362072,8.33576992079,51.5537490807,27.20690667889,11.58960471125,57.847146208699996,5.29154155861,5.299851660376982,142.48203088007364,10.292509993955838,8.72572592464591,30.337601369808198,33.565814540862135,31.284560452657814,4.666079716085063,207.39434378073247,87,female_87,0.03603607428245805,0.01424438270204668,0.011949313559382049,0.007211340512294793,0.0055036262702597046,0.0010289750252222916,5.298430605472587e-4,1.039786014086853e-4,0.010439101779698938,0.11206794451062929,0.020733873491311516,8.723386286404274e-4,0.0030329466916246706,0.0033556814503044115,4.664828595131167e-4,0.003127617208994279,0.1518422065373522,0.02992867264511841,0.013661947529151274,0.009472593342669464,0.009151420340017487,0.0014806314284611486,6.122289237168337e-4,0.004993131000113093,0.14205148195171174,6.840292374856544,0.03134287219107875,0.004021659505632791,0.0036857470381262865,0.007883844990719927,0.0011586497178120716,0.006159344091048916,0.48355557976577596,0.16794431345291208,0.08547852467282627,0.0817918181986076,0.3307450769010891,0.002694757954957531,4.3726476612897307e-4,0.05392386274324759,0.0028624248677510274,0.9998171852464266,0.2057823071180633,0.2808819819949861,0.0055279442810167185,0.053877696160862784,0.0057831635591404865,0.024777368857221153,0.03698063283178599,0.005035516415406191,0.017225952733976656,0.015794116193650856,0.021277391989204714,3.4961082333518056e-4,1.493170507893615e-4,0.0022792502909583204,1.556646155806368e-4,0.330685962033773,0.03276490871628786,0.01731867869939594,8.333534841869508e-4,0.005153992591872006,5.290122731902096e-4,0.002719961166185047
female,90 to 94,5095.457883356889,321.3917122846631,105.65915819075059,65.11387032737852,41.743143056928766,0.6957221630314727,97.7649673699598,981.2579918618231,913.861908641,180.8469517463,96.5456498626,67.1623063679,79.7792488852,10.86385352283,3.4724624145350003,25.89825637137,1062.226845961,39239.496619080004,213.1074091695,3.237983978341,20.04100715316,54.911999605000005,44.00512936806,2475.783990897,778.420129851,517.2477914131,498.1181937327,1879.157533064,16.44161064251,1.9249324598420001,285.9718066576,21.143983728080002,5094.892366039,1502.41855735,1437.3664252190001,25.9176188948,303.0200757195,142.8475373364,210.6888872895,25.28313899581,108.8364791333,99.6722606171,117.5155031124,2.40797242127,0.805820522841,11.2399057845,1.122499314541,1869.568992818,234.04689254689998,87.8117220692,4.300482445207,33.453126781150004,17.95742380754,6.60113347657,25.55582593132,2.895436979421,3.0127659401872924,125.91723287748907,7.5630805519109465,7.43833321867864,16.495622365039605,23.402051948223164,22.383887654645335,2.6641315764548628,235.59127276464278,92,female_92,0.06307415734597929,0.02471166198601464,0.020735949665261936,0.012778806501385796,0.008192226098712913,0.001484278886224134,5.912650068265271e-4,1.3653771240144775e-4,0.01918668932369866,0.19257503728308123,0.04623554509873314,0.001459796820806664,0.003237318950063087,0.004592727971446971,5.228443915033858e-4,0.004392909953736841,0.17934833916023804,0.035491796004632654,0.018947394340740914,0.013180818663474744,0.015656934216997473,0.00213206619925448,6.814819186077427e-4,0.005082616118947924,0.2084654353498855,7.700877431888223,0.041823014545084365,6.354647712656227e-4,0.003933112119053956,0.010776656556098146,0.0012954936784250626,0.008636148188329133,0.48588057198619267,0.1527674544016006,0.10151154287872104,0.09775729780039699,0.3687907104878297,0.003226718975778927,3.777741871107085e-4,0.05612288693262668,0.004149574819790354,0.9998890154072834,0.2948544746601273,0.28208778447837207,0.005086416076453853,0.05946866457462902,0.005015413043603417,0.028034288695227522,0.041348371846554856,0.004961897355366513,0.021359509120620675,0.019561001758577164,0.023062795494049052,4.725723333196559e-4,1.5814486966382797e-4,0.002205867665242117,2.2029410118517103e-4,0.3669089286214112,0.04593245551324424,0.01723333291714887,8.439835130918284e-4,0.006565283738369568,5.682388208679462e-4,0.0035242021852822463
female,95 plus,1649.4145567967403,188.29030810571317,64.13026247158929,40.2211795787894,23.822621510976756,0.34810257451521415,64.59530194061186,559.5811174720842,348.6243165264,64.2801870266,39.95089905415,27.842651641190002,39.52743762076,5.143523924084,1.345296082216,9.25141821331,452.9248497187,14053.012664599999,82.5073506294,0.6161299147352,7.55383573633,25.54139218115,18.90620645563,747.27350935,152.1276252664,185.35839578050002,178.8303548678,719.580567273,3.043807510897,0.2165427828843,98.188683298,8.86872082416,1649.295689457,595.155073899,449.8531224886,4.425672698254,61.0201002803,20.21573145335,73.4814234612,6.870142496010001,41.04468574847,37.49544062168,43.42695238223,0.884194127642,0.254851393403,3.696490935242,0.4638273461227,652.007817674,91.1601848027,27.35804928606,1.326292598553,7.60052287363,4.518334808204,2.495510903075,1.860663369415,0.566029601327,1.169430620421036,74.43637571354571,3.5841894243707437,4.220429421044373,6.217948948505956,10.895733831276626,9.630620640949283,1.0101399063899639,140.1266136707928,97,female_97,0.1141558423440763,0.045128967370159215,0.03888062113149651,0.024385124657139736,0.014443077037734942,0.0021730070282218496,7.089973928035041e-4,2.1104613942006777e-4,0.039162563270970355,0.3392604455721693,0.08495536376429641,0.002558743891069262,0.003769791483216674,0.006605818886694428,6.124233002718945e-4,0.005838811474813532,0.21136245893418623,0.038971516749213064,0.024221260137134347,0.01688032370422513,0.02396452575120023,0.0031183936766467153,8.156203524895791e-4,0.005608910249511073,0.2745973399181747,8.520000388435866,0.0500222035081551,3.7354460841655256e-4,0.004579707208962671,0.015485125965392765,0.0015129676725549389,0.011462373954275606,0.45305378582401323,0.09223128572470027,0.11237829508457649,0.10842050237212592,0.4362642273937897,0.0018453865939004762,1.3128463186649618e-4,0.05952941478138048,0.005376890113898095,0.9999279336178704,0.36082807166127234,0.2727350262763784,0.002683177906983503,0.036995005305885384,0.0011280750262253763,0.012256307166713828,0.04455000300464501,0.004165200596599693,0.024884396454085616,0.022732575305081788,0.026328706875588442,5.360654324278287e-4,1.545102123373619e-4,0.002241092707718551,2.8120725878852425e-4,0.39529650989635823,0.055268206787102946,0.016586521061867514,8.040990017262477e-4,0.004608012486800566,3.431700047720342e-4,0.002739356694522492
male,Under 5,34899.00807090059,0.3340145998156327,0.0374078146845167,0.013530882301607674,0.013768956517438204,0.20462842146451982,0.8907918167333462,27.994148507771836,9.63686986784,0,2.109353834722,1.383253197617,3.896544180966,0,0,55.849401173960004,868.177648549,251701.87733719999,0,0,0,0,0,19.45593647925,0,0,4.45885412932,11.69921742395,0,0,12.64800055698,24.2079187489,20813.49668549,0,0,0,0,0,2.4947748774510003,0,0.7324964346111,0.5305725504519,0.762261480403,0,0,0.950282623265,1.53354609558,1035.117848479,0,0,0,0,0,0,0,0,0,0,0,0,0,0,0,0,0,2,male_2,9.570890930110416e-6,0,1.0718876195139768e-6,3.877153836039816e-7,3.945371882623507e-7,0,0,5.863445203049842e-6,2.552484629143669e-5,8.021473977397613e-4,0,0,0,0,0,0,2.7613592478794235e-4,0,6.0441655832642885e-5,3.9635888642072345e-5,1.1165200377758035e-4,0,0,0.0016003148588205353,0.024876857439191855,7.212293163915837,0,0,0,0,0,0,5.574925350234439e-4,0,0,1.2776449463152136e-4,3.352306575643052e-4,0,0,3.6241719338510727e-4,6.936563554963899e-4,0.5963922138762637,0,0,0,0,0,0,7.148555260890603e-5,0,2.0989033072887492e-5,1.5203083978031477e-5,2.1841923955385627e-5,0,0,2.7229502378245598e-5,4.3942397802953535e-5,0.029660380214132778,0,0,0,0,0,0
male,5 to 9,34584.13577630243,0.05693533700606178,0.012583072833466005,0.0021024376659755126,0.0046876706396219835,0.1983303501331563,0.0647520430865648,2.2772336166751495,7.73264546639,0,1.801555924141,1.040992495315,4.915238930735,0,0.0496113958084,176.262973274,384.9161861511,226122.7818389,0,0,0,0,0,54.63419674941,0,5.2125309330350005,11.97022050315,36.43862706324,0,0,63.43974694822,9.19539333546,26951.59864293,0,0,0,0,0,5.897972713835,0,2.0027657202249998,1.408806480057,2.320168722305,0,0.01025157312329,4.355143129175,0.5858215001207,1465.738813945,0,0,0,0,0,0,0,0,0.009753590243144157,0,0,0,0,0,0,0,0,7,male_7,1.6462847987392744e-6,0,3.6383944693185357e-7,6.079196772689444e-8,1.3554395778292215e-7,0,2.8202498122932607e-7,5.734720434131978e-6,1.872304790421679e-6,6.584619119600913e-5,0,0,0,0,0,0,2.2358937972041289e-4,0,5.209197464970206e-5,3.010028939419975e-5,1.4212409303872197e-4,0,1.4345130995696148e-6,0.005096642414721782,0.011129848339736464,6.538338367091502,0,0,0,0,0,0,0.001579747347246022,0,1.5072028882695705e-4,3.4611882686836357e-4,0.0010536226002272491,0,0,0.0018343597584326472,2.658847222592974e-4,0.7793052519010072,0,0,0,0,0,0,1.7053983225095884e-4,0,5.79099542396929e-5,4.073562772160799e-5,6.708765942027137e-5,0,2.9642415209098656e-7,1.2592892756797496e-4,1.6939023831907163e-5,0.04238182568521334,0,0,0,0,0,0
male,10 to 14,31168.952004784423,0.1128602767469135,0.024288531234996358,0.0020014588643147146,0.004201005910788163,0.35554274165484767,0.06109680296380174,2.7784156372738527,7.19608896766,0,1.511615179279,0.861225341698,8.2347144874,0,0.06633389108669,262.1788003149,198.0750338604,163193.8949525,0,22.37118688295,0,0,0,33.78745190155,0,10.98784593453,16.89261374557,61.484635676370004,0,0,143.95529382339998,4.464808397437,26000.63037657,0,25.63545488777,0,0,0,5.175805442222,0,2.919159416581,2.022648321173,3.8405652855429997,0,0.01399890387169,9.3361035949,0.2859883577688,1611.990314936,0,1.2745108905576,0,0,0,0,0,0,0.013318296671131455,0,0,0,0,0,0,0,0,12,male_12,3.6209198413084113e-6,0,7.792540227617559e-7,6.421322295364604e-8,1.3478175044651195e-7,0,4.272936949913202e-7,1.140695207205786e-5,1.9601814958174853e-6,8.91404894475556e-5,0,0,0,0,0,0,2.3087362599022906e-4,0,4.84974656525817e-5,2.7630872592886736e-5,2.6419606556344835e-4,0,2.128204088366775e-6,0.008411537233419194,0.006354882699617092,5.235783831533694,0,7.177394632811532e-4,0,0,0,0,0.0010840098793300345,0,3.5252535705542393e-4,5.419692565530272e-4,0.0019726244137734284,0,0,0.00461854777155494,1.432453807478562e-4,0.834183657268262,0,8.224676557567597e-4,0,0,0,0,1.6605644750030465e-4,0,9.365600152783161e-5,6.489304872562043e-5,1.23217658551801e-4,0,4.4912975802141736e-7,2.9953216243738036e-4,9.175424240279265e-6,0.05171782210350095,0,4.0890399213998694e-5,0,0,0,0
male,15 to 19,32181.33916174496,0.27863898134153153,0.05416258755081521,0.0047890803638793444,0.011348164521074093,1.8450021396881557,0.07895773211542619,6.909198625184818,12.03116200266,0.6519339585630001,1.4867915455010001,0.768148557411,16.24622305491,0.02491414220099,0.1036677076825,344.6207069281,192.293592101,157454.0314174,0,95.562835274,0.004783288625655,0.020341495639739998,0.05283707699094,63.57024479857,3.902424839671,15.15970476641,23.31988848851,125.3076388417,0.1109847155227,0,273.1591918848,4.272112911636,29029.50958224,0,307.4283593852,0.00668264699955,0.1823988658197,0.3762370749726,7.97980420401,0.1598185243163,4.099429799044,2.7870156954430003,7.66192419209,0.01056032902552,0.02193337650661,17.08589727855,0.2764529126377,2466.250970752,0,16.118896012169998,0.0012984283950200001,0.01693728383131,0.04182727136972,0,0,0,0.01692911045459431,0.020119753296370002,0.004049293756509663,0.0023603477384014806,0.0033661073124228863,0.002593832318860031,0.00966492593873,0,0,17,male_17,8.65840231014249e-6,6.251993801515578e-7,1.6830433089994e-6,1.488154467348048e-7,3.52631830019182e-7,1.2582738512396012e-7,5.260536352918002e-7,5.733142832916574e-5,2.4535253712898904e-6,2.1469580835212768e-4,0,7.334523049330729e-8,1.0459811182824521e-7,8.060050906593119e-8,0,3.0032702772726816e-7,3.738552315113675e-4,2.025813640900239e-5,4.620042497387428e-5,2.3869378261428102e-5,5.048336544745917e-4,7.741797839975e-7,3.2213608999134906e-6,0.010708712437230152,0.005975313554682208,4.892712221391051,0,0.0029695108333962295,1.486354747890994e-7,6.320897815191177e-7,0,1.6418545146731871e-6,0.001975375992871611,1.2126359378822693e-4,4.710712842065582e-4,7.246400894413721e-4,0.0038937981484206663,3.44872893464394e-6,0,0.008488123832009873,1.3275124724189242e-4,0.902060334914476,0,0.009553000819513765,2.076559637858044e-7,5.6678457320546705e-6,0,1.1691156576226189e-5,2.4796370853006207e-4,4.966186258223886e-6,1.273853079401099e-4,8.660347170250825e-5,2.380859340122796e-4,3.281507016362271e-7,6.815557424870294e-7,5.309256147693376e-4,8.59047261048505e-6,0.07663605788300182,0,5.008771055534902e-4,4.03472456038587e-8,5.263076140549154e-7,0,1.2997368182689389e-6
male,20 to 24,39223.053702304016,0.6798481978791724,0.143744742798201,0.01019279988619538,0.02120779434130245,3.2520654566759077,0.15140191631202324,15.572008116059436,27.16968864242,2.3813400837320002,2.269824130039,0.963352181645,29.43818447132,0.069585696113,0.2316803989493,421.13055369660003,256.8346759802,194552.7492706,0,123.8724354927,0.02722309629806,0.02941398149706,0.2924287413864,112.8545532296,16.47278722842,30.907166265289998,35.44798398842,275.9808759033,0.3058468442679,0,509.8832914934,5.572218689207,36426.72821026,0,1048.735312665,0.0498792630635,0.3048497487084,2.119049468564,12.58549512178,0.811269198078,6.453825915262,4.234640292468,16.61483918932,0.02927425818544,0.04880287120198,30.737255066110002,0.3547268288643,3509.645562436,0,58.671087064059996,0.00798485532607,0.026266741261139998,0.226330115098,0,0,0,0.03550640661550689,0.09842920269128864,0.014658196850693753,0.005069467582969574,0.016378472440981628,0.0031914180354393946,0.04574840582766668,0,0,22,male_22,1.7332872729367248e-5,2.5094732153786074e-6,3.6648024370870753e-6,2.5986757593013826e-7,5.406971752445852e-7,3.7371381030010704e-7,9.052433011716576e-7,8.291209249943935e-5,3.86002368558901e-6,3.970116206210817e-4,0,1.292471417816147e-7,4.1757259812791e-7,8.136587374511145e-8,0,1.1663652242604292e-6,6.926969238201873e-4,6.07127660637019e-5,5.7869643380307924e-5,2.4560866396499142e-5,7.505327018837078e-4,1.7741019513968246e-6,5.906740477366014e-6,0.010736812000740836,0.00654805405845066,4.960163243464435,0,0.003158153784579592,6.940585632286167e-7,7.499156419667595e-7,0,7.45553223891954e-6,0.0028772505599932614,4.199771734614423e-4,7.879847015449098e-4,9.037538040118925e-4,0.007036190450594327,7.797629592770186e-6,0,0.012999581709351936,1.4206488692846677e-4,0.9287070937090307,0,0.026737727271943536,1.2716822979178192e-6,7.772208431861405e-6,0,5.4025611688656567e-5,3.2086984397751547e-4,2.068347875806378e-5,1.645416484969627e-4,1.079630445045958e-4,4.2359881806816135e-4,7.463533667629859e-7,1.2442394611185833e-6,7.836527798013965e-4,9.04383507609105e-6,0.08947915144684002,0,0.0014958316991166237,2.0357556519371562e-7,6.696760905078906e-7,0,5.770333865787331e-6
male,25 to 29,45114.84296688807,1.4417117352894446,0.296042170063243,0.023489594946840782,0.03080987822373591,2.950054502646415,0.28694570790617613,22.582289469162372,54.13779378324,4.5499407506030005,3.764860882191,1.339323754468,45.15027948188,0.1802712969229,0.2247447137036,404.1686252634,356.6313449607,223627.901729,0,56.72802570792,0.08575845118940001,0.04646641483733,0.874001987357,304.27151257319997,43.09757967998,54.78140305933,49.98099077815,515.8174751827,0.719744378869,0,774.4011634916,7.706990809743,43112.06219885,0,1651.5521489550001,0.1771987230257,0.48812028619340003,6.28673235556,23.9310536616,1.89381083485,9.56723042741,5.992059178844,30.60449688926,0.07216212197960001,0.06144566041185,45.50007876038,0.4914023371691,4606.4025615440005,0,97.3640169858,0.02620310954561,0.04162575762624,0.643995401696,0,0,0,0.0707442926130482,0.3876052869675908,0.049019804908696445,0.010269219526861184,0.04492758337220751,0.004399933043350443,0.14948612034456776,0,0,27,male_27,3.19564835091543e-5,8.5915246840618e-6,6.561968314519513e-6,5.206622344686185e-7,6.829211008525231e-7,1.086556035331308e-6,1.5680935133692208e-6,6.538988742156545e-5,6.360339281614684e-6,5.005512151674027e-4,0,2.2762396700345943e-7,9.958492686139238e-7,9.752739351392098e-8,0,3.3134576231215685e-6,0.0011999996059605994,1.0085241245198212e-4,8.345060371714494e-5,2.9686986951301e-5,0.0010007854735306944,3.995831195848552e-6,4.981613564931409e-6,0.008958661910006837,0.007904967002156002,4.956858697106209,0,0.001257413790613333,1.9008921576506919e-6,1.0299584744522754e-6,0,1.9372825657366726e-5,0.0067443770733396835,9.55286039931722e-4,0.001214265626493185,0.0011078613487546312,0.01143343168813162,1.595360487893651e-5,0,0.017165108256277647,1.7083049176076103e-4,0.9556070544342135,0,0.0366077335161546,3.9277255859175786e-6,1.0819505379895807e-5,0,1.393495342580297e-4,5.304474556004582e-4,4.197755572905259e-5,2.1206391950498077e-4,1.3281791057638963e-4,6.783686892520515e-4,1.599520628555955e-6,1.3619832492146296e-6,0.001008539003311497,1.089225418627221e-5,0.10210392541817907,0,0.002158137113704687,5.808090602208615e-7,9.226621415216078e-7,0,1.427457925917328e-5
male,30 to 34,42238.84744281165,2.5266955376502827,0.4758953846273682,0.048626533263335575,0.05096229794604995,2.096178893277847,0.4392603808147809,27.32073048740339,91.16364042800001,11.86268050852,6.613177488561,2.33853557967,56.27234679493,0.4258054397936,0.446017195597,318.3703420799,384.8270989142,204950.6048003,0,38.92808237765,0.2467283655106,0.04537811575899,2.114011503121,423.0144286751,87.167059314,72.76704958804,58.45855743592,725.5539336528,1.74999176724,0,896.131680956,8.28486146034,40783.20000176,0,1713.958676932,0.4405845533442,0.4760173716143,15.14639295434,31.5763526868,3.373361877387,11.97218514106,7.021241946818,42.60647075301,0.173046930533,0.127097325249,51.30127562163,0.528106064279,4724.371638519,0,105.7634027698,0.0719242379039,0.0403076130515,1.4339885365059999,0,0,0,0.12484755302333506,0.9583031087497064,0.12192676795401713,0.040988019494439754,0.14352507255327027,0.006475659264642478,0.34829870451323874,0,0,32,male_32,5.9819234913340046e-5,2.2687719167696977e-5,1.1266770128415463e-5,1.1512277490329816e-6,1.2065267172606738e-6,2.886602626151132e-6,2.955751886752346e-6,4.962680139688758e-5,1.0399440501057888e-5,6.468152457141187e-4,0,9.703867878955403e-7,3.397940077498394e-6,1.533105105059993e-7,0,8.245932964549046e-6,0.0021582890146666285,2.80847637345721e-4,1.5656623911234236e-4,5.5364568903926843e-5,0.0013322415312377709,1.0080896273746811e-5,1.0559407337069863e-5,0.007537382323486701,0.009110738625982351,4.852182699298041,0,9.216180065129809e-4,5.841266522356047e-6,1.0743218270912503e-6,0,5.0048986445078046e-5,0.010014819396950425,0.0020636704027499307,0.0017227517793084038,0.0013839998242155794,0.017177408418521542,4.143085981712362e-5,0,0.02121581755206028,1.9614317060987765e-4,0.9655377092610661,0,0.04057778042482282,1.0430790137934507e-5,1.1269658156719195e-5,0,0.00035858916308848437,7.475666264225628e-4,7.986396603160842e-5,2.8344014730206533e-4,1.6622711962783202e-4,0.0010087034408478139,4.096866770981217e-6,3.009014993154834e-6,0.0012145519759053137,1.2502852143255505e-5,0.11184897137440736,0,0.002503936758998834,1.7027983067312673e-6,9.542782412818814e-7,0,3.394951859061772e-5
male,35 to 39,39985.04634130872,4.883418750909853,0.8542087900905772,0.08837061273283804,0.12621108790013008,1.7581139474172365,0.6564324497750813,35.204738714379836,139.3495999212,24.01992125716,11.08712602064,4.064652884484,78.60947081341,0.911643558976,0.39237715707599996,273.0734839169,414.0693972926,193204.9297394,0,46.68376565968,0.6428218541838,0.08800739150180001,3.40568941538,674.7398295713999,182.1523915367,122.8260540999,75.70572744124,1008.397454755,3.787762316531,0,990.252422421,8.88513793407,38857.91886084,0,1770.90057832,1.131166792255,0.839279996856,24.57496225717,42.74806087721,6.085367157828,15.873574851559999,8.591805600739999,58.352024136530005,0.37262704957860004,0.1192411725547,56.23882323224,0.5623917273567001,4798.194175231,0,113.4604919897,0.1864603380981,0.0747073715952,2.235764473849,0,0,0,0.1574822747991334,2.351907127114192,0.2576739700252392,0.06153807155103193,0.42387190556030135,0.015642815612275082,0.6067366884390655,0,0,37,male_37,1.2213112645226005e-4,5.881966740862388e-5,2.1363206204617812e-5,2.210091542185909e-6,3.156457212098836e-6,6.444258381639916e-6,3.938529255534157e-6,4.39692862279097e-5,1.6416948580522667e-5,8.804476156880096e-4,0,1.5390271409403542e-6,1.0600760642920588e-5,3.912166433108375e-7,0,1.5174089915015135e-5,0.0034850428515631688,6.007226064496246e-4,2.7728180995468404e-4,1.0165432471400666e-4,0.00196597173209221,2.279961241495867e-5,9.813097469656636e-6,0.006829390207178192,0.010355606287364063,4.831929619143624,0,0.0011675306128494042,1.607655643804264e-5,2.201007615461463e-6,0,8.517407698641499e-5,0.0168748042408625,0.0045555128280173485,0.0030717997186115024,0.0018933509991466008,0.025219364413071103,9.472947171797689e-5,0,0.024765568957162018,2.222115202325207e-4,0.97181127487392,0,0.04428907154949262,2.8289745686411442e-5,2.0989846796524436e-5,0,6.146038208234238e-4,0.0010691011962901441,1.5219107428021615e-4,3.9698778178383506e-4,2.1487546937925563e-4,0.0014593461675257904,9.319160127961074e-6,2.9821441630170487e-6,0.001406496387479222,1.4065051283326657e-5,0.11999971525039764,0,0.0028375731022345593,4.663251769336254e-6,1.8683827688357457e-6,0,5.591501519754955e-5
male,40 to 44,35896.13938613016,10.473892345454875,1.6694948875824176,0.21649550250919478,0.4419963244180399,1.9014204673111157,1.1992501635327253,56.714657679390754,250.83951568129999,44.77906942694,18.928611990900002,8.60930099631,101.8209305709,1.835514415078,0.8570729371129999,226.2221622693,397.8599549668,168224.7361872,1.270761135617,98.55838832309999,1.900431610419,0.1663660046718,6.7716407863,1371.0614862730001,339.45303597270004,176.0116295911,100.5497810767,1329.209510413,7.5931639488,0,1023.556499342,8.5499730703,35149.90403954,2.136717836974,1837.462863941,3.309144439428,1.5099362952709998,48.67668171814,64.41302604777,10.52646056925,21.94651024992,11.59723294604,75.9961340362,0.73316018049,0.2582040668474,57.69917575897,0.5378007664979,4660.998902964,0.2844585305242,121.7014354864,0.5497477323127,0.1388770886812,4.298623370256,0,0,0,0.37888723070309144,5.652980735568668,0.5696735710104238,0.10975376072103055,1.4116891028566672,0.032345502373703816,1.2482112753882686,0,0.06103526377113625,42,male_42,2.9178325370281635e-4,1.5748157969747888e-4,4.6509037354236774e-5,6.03116396948375e-6,1.2313199468710052e-5,1.5870051229813833e-5,1.0555096931941626e-5,5.297005471417915e-5,3.3408889759217424e-5,0.0015799653848375856,1.7003294731666755e-6,3.0575366208723294e-6,3.932704538700691e-5,9.010858250177659e-7,0,3.477285570911735e-5,0.006987924606126902,0.0012474619887464025,5.273160934463552e-4,2.3983919005051918e-4,0.002836542656457435,5.113403409022924e-5,2.3876465596859217e-5,0.0063021307064767395,0.011083641911657172,4.686429768327677,3.540105307558525e-5,0.002745654268357944,5.294250699152634e-5,4.634648948797035e-6,0,1.8864537808532358e-4,0.038195235190187665,0.009456533258945963,0.0049033582051196505,0.002801130784430574,0.037029316610203235,2.1153149276364542e-4,0,0.028514389481602304,2.381864238471173e-4,0.9792112645161363,5.952500390054765e-5,0.05118831426899834,9.218663889818229e-5,4.206403031336627e-5,0,0.0013560422527484415,0.0017944276779986658,2.932477071146347e-4,6.113891528513472e-4,3.2307744354594944e-4,0.0021171116263707175,2.04244855582794e-5,7.193087369923879e-6,0.0016073922362042161,1.4982133892250812e-5,0.12984680198687198,7.924488131281087e-6,0.0033903767248414456,1.5314954246169322e-5,3.868858630932897e-6,0,1.1975169039813058e-4
male,45 to 49,38141.62086817534,19.284125650291088,2.865625010216921,0.5038440132210366,1.0429151904483842,1.8897665551322165,1.9037238340606164,84.42636057325046,394.1798770139,84.7723258323,34.59636659477,17.94836551209,150.6775268695,3.327729293579,1.6153511910059999,224.6298350975,434.1007987056,170326.5954063,4.491799373677,211.7429053359,4.672842796372,0.2673743389694,10.957428019910001,2290.26694003,677.676059992,308.0470338675,175.125870916,2040.376440856,13.22587696047,0,1225.935177,9.27138155699,37406.489403,16.07917191101,2671.604426781,7.41119866423,2.408373611803,76.5160579504,102.38789995549999,19.28474050997,37.31564983996,20.46810353816,116.0370855944,1.306600280509,0.48802421722769995,68.4005298701,0.5833433977023,5233.524938847,2.098876711782,182.3880729309,1.308646405607,0.2238178397953,6.67569309964,0,0,0,0.8413271003162548,11.523890891410188,1.15576416221555,0.44640207123862635,3.743139215106085,0.059483710032189586,2.5505626998828106,0,0.2106786260602013,47,male_47,5.055927150275201e-4,3.021342729832834e-4,7.513118071518416e-5,1.320982175776999e-5,2.734323205751786e-5,3.03019152282513e-5,2.205797973882758e-5,4.954604739173532e-5,4.9911980422652884e-5,0.002213496926757359,5.523588700866869e-6,1.1703804428801712e-5,9.813791679286737e-5,1.5595485634387838e-6,0,6.687085241337902e-5,0.010334638854920725,0.0022225674709863328,9.070502460905263e-4,4.705716512185716e-4,0.003950475187991356,8.72466669699293e-5,4.2351403905695546e-5,0.00588936259090465,0.011381288703118688,4.465636004169329,1.1776634740305108e-4,0.0055514920581829375,1.2251295802352577e-4,7.0100413376111175e-6,0,2.872827051000519e-4,0.06004639781685199,0.017767363960073345,0.008076401234550803,0.004591463784962578,0.05349474915887626,3.46757076899829e-4,0,0.032141664383825326,2.4307780702434356e-4,0.9807262657317031,4.215649871457393e-4,0.07004433387911253,1.943073864072139e-4,6.314292777768398e-5,0,0.0020061039937147394,0.002684413971534454,5.056088354666864e-4,9.78344626960924e-4,5.366343399223027e-4,0.0030422693884836756,3.4256548378603464e-5,1.2795057108726553e-5,0.001793330443572526,1.5294142839876815e-5,0.13721296630090926,5.5028513838887844e-005,0.004781864765560638,3.431019384650509e-5,5.868073634543661e-6,0,1.750238439711951e-4
male,50 to 54,38023.401225409776,31.6595283900363,4.26443913170603,0.8498625541143116,2.3989652551766323,1.7522486634174257,2.7984017777390666,121.9430579921959,634.1686646013,149.4543445186,55.977569499210006,34.11598240841,204.6770740154,5.2707503291,2.950711158877,207.5075246593,446.0057618438,166950.5499247,7.73798935748,254.68636690879998,11.11616006099,0.3547947780141,20.17422080508,3658.907131521,1174.631977398,479.89036721549996,289.6115713667,2902.650803391,20.20528144483,0,1365.701477208,9.47329033516,37519.676920519996,45.53752059882,3791.3501206749997,19.86641356189,3.177231981329,140.27903394519998,161.0950177555,30.21268937863,57.95770600483,34.2452236527,164.3284886294,2.033474010171,0.873772721378,75.2525713737,0.5934529106695,5665.2303067660005,5.685966349888,260.0009129926,3.118319681485,0.2969021103477,11.7759186093,0,0,0,1.6630579026358085,20.229109586654918,1.9963118224721115,0.6004192965414119,8.594570093128562,0.10437196047196821,4.839629845778047,0,0.505507440885503,52,male_52,8.326327306269301e-4,5.320173612753105e-4,1.1215301614986108e-4,2.2351039799837176e-5,6.309181130207478e-5,5.250218965519693e-5,4.373774699367089e-5,4.608342775623281e-5,7.359682951952725e-5,0.0032070528690817226,1.3294640263472516e-5,1.5790783496247874e-5,2.2603370072493925e-4,2.744940144971037e-6,0,1.2728029817973997e-4,0.016678378160907555,0.003930588524488037,0.0014721873292545449,8.97236473038383e-4,0.005382923868436607,1.3861859168920777e-4,7.760250434685307e-5,0.005457363570111913,0.01172977028540385,4.390731616432369,2.035059754809351e-4,0.006698147948390307,2.9235049213749556e-4,9.330958477670388e-6,0,5.305738086259953e-4,0.096227770625524,0.030892343650021303,0.012620921636405456,0.007616666632472694,0.07633853652869052,5.3139069082877e-4,0,0.03591739384680156,2.491436859895983e-4,0.9867522554885712,0.001197618285877824,0.09971096741712224,5.224786032190601e-4,8.355990992214977e-5,0,0.0036892815851375274,0.004236733499996459,7.945814526039786e-4,0.0015242641146499748,9.006354652412066e-4,0.0043217724699384525,5.3479540089435686e-5,2.297986748208329e-5,0.0019791120454371977,1.5607570378867504e-5,0.14899325479016104,1.4953860429740455e-4,0.006837918350630085,8.201054037746446e-5,7.808404844890366e-6,0,3.0970187384053754e-4
male,55 to 59,32392.828523742566,41.25130107844522,5.364244818378756,1.176754711496979,4.738346665255759,1.3988380377814527,3.384006799953338,155.77605300602016,882.740131228,206.3535070247,71.9749639466,49.21306553171,220.6063151618,7.01287726108,4.033750045786,151.6821934726,393.7839646413,141670.2790071,12.38783194852,206.3529467061,20.777014799379998,0.4482361119177,28.22564723421,4991.595066007,1636.851976617,612.082642209,414.98283751040003,3450.940330169,26.11806849054,0.58092924128,1265.114865658,8.32774654618,32109.71836002,80.59492724649999,4199.520573997,45.68525393705,4.015866888093,193.1540263286,219.7791738116,39.33770441186,75.4605072914,50.348678728989995,193.9340026166,2.658785250205,1.151935798092,68.6321282761,0.5176244375415,5284.277125532,9.79095104505,282.33010909029997,6.047027566383,0.3777093318244,16.28574130971,0,0,0,2.570716981256205,26.382132103279005,2.868547459005002,0.7811318425342086,14.863538249200804,0.14910183409222433,7.198978476106414,0,1.0461951053430045,57,male_57,0.001273470177147691,8.144436069836268e-4,1.6559976583850936e-4,3.632763068635602e-5,1.4627764481211489e-4,8.855501633339856e-5,7.936068254650807e-5,4.318357184387785e-5,1.0446777741168867e-4,0.0048089672963212505,3.229712109197837e-5,2.411434499959373e-5,4.5885274385058604e-4,4.602927280121247e-6,0,2.2223988469638792e-4,0.02725109758726346,0.006370345426101078,0.002221941313147304,0.0015192580510725983,0.006810344301983538,2.1649474839592533e-4,1.245260210243583e-4,0.004682585633465858,0.012156516815216463,4.373507515815166,3.824251389297556e-4,0.006370328128488442,6.414078592782143e-4,1.3837510719051966e-5,0,8.713548189693222e-4,0.15409568393659645,0.050531307428656844,0.018895621966459938,0.012810947867866348,0.10653408446995011,8.062916911191181e-4,1.793388437364164e-5,0.03905539970770767,2.5708611830782595e-4,0.9912600974775927,0.0024880484637958473,0.12964352807038537,0.001410350871445655,1.2397394951631162e-4,0,0.005962863853862787,0.006784809596065722,0.0012143954759315672,0.0023295436283401636,0.0015543156008153642,0.005986942525703015,8.207944077054658e-5,3.556144525161426e-5,0.0021187445309320727,1.5979599841431053e-5,0.16313108074705024,3.022567491404355e-4,0.008715821431998876,1.8667797293313814e-4,1.1660276333928515e-5,0,5.027576180256456e-4
male,60 to 64,27800.516544229733,60.734860114501124,8.062099128882135,2.60368049338313,10.965740633040216,1.3333717007295842,5.40103478442944,234.11700946251835,1154.955813029,269.06622225030003,80.0754371014,56.66674472176,229.5373943862,10.63299769422,5.43019493293,108.4998149817,500.1935478309,122734.868768,23.46811618949,161.6640447874,38.78971726239,0.783781527157,42.39968163373,6504.12760168,2153.874199907,741.798794584,566.0025374229,3976.652742142,37.88412809177,3.942579153365,1168.5959758010001,10.03343534512,27638.98555838,142.6184378786,4359.88139919,96.1348018272,6.80952867633,282.6839064291,294.1565789583,51.369596004659996,91.8780868116,68.6573717662,222.9468198184,3.811848780851,1.448862756442,62.0879156075,0.616282612593,4998.094791537,17.11860327066,286.4623579404,11.47162286864,0.636611888531,23.92908432005,0,0,0,3.9851469815598213,38.47042991713508,4.639059038847938,1.4041478204052715,26.87917863974882,0.2615033643891568,11.659005169535824,0,2.649314979711902,62,male_62,0.0021846666056680604,0.0013838027022242503,2.899981774099626e-4,9.365583151092742e-5,3.944437728555897e-4,1.668695267394526e-4,1.4334794733830141e-4,4.7962119646526443e-5,1.9427821694739254e-4,0.008421318686292957,9.529732929591171e-5,5.050797592812052e-5,9.668589645442344e-4,9.40642106318828e-6,0,4.193808827611789e-4,0.0415444012053338,0.009678461255287263,0.00288035788737963,0.0020383342385601006,0.00825658739185703,3.8247482478619566e-4,1.9532712366299862e-4,0.003902798525670567,0.017992239354082076,4.414841306014323,8.441611562199925e-4,0.005815145359986304,0.0013952876451297873,2.8193056266059973e-5,0,0.0015251400658787566,0.2339570774281169,0.07747604964390697,0.026682914089161684,0.020359425211485118,0.1430424048350063,0.0013627131003662312,1.4181675894735563e-4,0.04203504542592945,3.609082345343161e-4,0.9941896408438045,0.005130064315592792,0.15682735219158853,0.003458022144094071,2.4494252347780147e-4,0,0.010168296908417472,0.010580975302754043,0.0018477928610762541,0.0033049057439427394,0.002469643744099802,0.008019520769108687,1.3711431493679157e-4,5.211639697905993e-5,0.002233336762240375,2.2168027403825898e-5,0.17978424190734696,6.157656546929569e-4,0.010304209905044302,4.1264063746402035e-4,2.289928273520281e-5,0,8.607424355579721e-4
male,65 to 69,27089.736571838726,92.9352826570564,13.754922386598455,4.738892326663343,19.97662588105502,1.334917220870643,8.468386296669976,345.91225906672645,1661.487749469,375.45243361589996,93.4107618312,66.5182201013,266.6151092995,15.07415722147,7.7506977685,90.6656444021,787.2320051949999,129054.0584026,51.52438477183,137.284160097,58.4116786661,1.082435514751,58.048618142900004,8894.087279719999,3275.325141109,969.465895274,819.104219693,5018.99340955,51.11062216125,9.24380350831,1198.348215931,16.254054030029998,27007.6641152,294.6965777298,4846.8682284589995,144.260983152,9.33903599922,380.0636279714,411.375349194,75.80951143499999,121.3133898583,99.9814762418,284.1901760246,5.045500743125,2.1036390044,62.0047552558,0.979461854124,5412.748681173,34.929530499,311.0526792021,16.89437515913,0.876647073389,32.44208019821,0,0,0,5.6439365378416255,56.63880599775449,7.089506155659617,2.1743325266905305,40.74444078084345,0.3864995301725046,16.710731944394745,0,6.3104518025571466,67,male_67,0.003430645492273548,0.0020907846721785273,5.077540104578741e-4,1.7493312694630197e-4,7.374241468933967e-4,2.617045070504506e-4,2.083422451478841e-4,4.9277600663653666e-5,3.12604970307217e-4,0.012769125980587102,2.329462224862389e-4,8.026407052443872e-5,0.0015040545216375245,1.4267378685929791e-5,0,6.168657971287352e-4,0.061332739248421045,0.013859582304178013,0.003448197496623339,0.002455476815911505,0.009841923290485633,5.564527060458911e-4,2.8611196524359255e-4,0.003346863272799483,0.029060157270535108,4.763946598755737,0.0019019891402485042,0.005067755448006625,0.002156229113236271,3.995740275585594e-5,0,0.002142826970242477,0.32831944512025607,0.12090649654060796,0.035787202754928714,0.03023669933152853,0.1852728761773018,0.0018867153626876648,3.4122899216079656e-4,0.0442362447029754,6.000078290509101e-4,0.9969703486624508,0.010878532426784592,0.17891898710811333,0.005325300331711872,3.447444376010818e-4,0,0.01402980154360368,0.01518565336001264,0.002798458790249299,0.004478204855798116,0.003690751143949338,0.010490695443677048,1.8625137714960567e-4,7.76544651448124e-5,0.002288865197761183,3.615619707214889e-5,0.19980809583803225,0.001289400891971433,0.01148230727077119,6.236448669158575e-4,3.236085633628209e-5,0,0.001197578282541711
male,70 to 74,23998.549608896625,138.66925003487336,23.750508571633247,10.260187820801256,33.49698443152533,1.335966021598671,14.04855165586924,486.18957980290406,2074.594733202,474.04376945629997,102.44428127169999,72.6211479638,270.7152277386,20.70699753868,9.07986568637,75.8029941102,960.568740962,122132.2854309,110.03900670569999,213.5505590946,70.0973655921,1.389438783716,69.0684949151,10235.77094314,3955.076958221,1115.815887572,1016.089323713,5607.842460603,65.7522483402,9.99604209003,1114.608717974,20.29056633861,23965.28151502,576.7966106108,4889.14959204,159.3193449289,11.842298396090001,432.52088268269995,522.8199125016,92.9669699642,159.5445450276,141.1762353287,319.8256215091,6.67872726371,2.398887519203,55.81241435743,1.181600939367,5368.757716228,79.2969414812,310.3849275707,19.34933763435,1.12579340978,37.376903122550004,0,0,0,6.954400987353704,80.901476479221,10.11706308084456,3.3272007836265898,51.091352773354615,0.5203482991836248,22.14314754774105,0,15.236876323945602,72,male_72,0.0057782346139562775,0.003371098578775344,9.896643321656645e-4,4.2753366299260224e-4,0.0013957920364948842,4.215697717454563e-4,2.897842203253651e-4,5.566861511928239e-5,5.853916959490431e-4,0.020259123477306573,6.349082162155776e-4,1.38641744515808e-4,0.002128935023407176,2.1682489469727113e-5,0,9.226869085260157e-4,0.08644667144521585,0.019753017460712074,0.004268769694053608,0.003026064039173361,0.011280482868774777,8.628437083132559e-4,3.783506017798658e-4,0.0031586489744404676,0.040026116436882614,5.089152778867257,0.004585235712115989,0.008898477723646832,0.002920900084983213,5.7896781528868486e-5,0,0.002878027882547338,0.4265162316036568,0.1648048329035182,0.04649513848780054,0.04233961386301113,0.2336742241507832,0.0027398425909799418,4.165269257073901e-4,0.04644483671466536,8.454913596565011e-4,0.9986137456463497,0.024034644593562138,0.20372687815381638,0.006638707235450509,4.934589210216221e-4,0,0.018022792615865334,0.021785479581973688,0.0038738578572154935,0.006648091139993495,0.00588269864760343,0.013326872945293987,2.7829712097409814e-4,9.995968749351819e-5,0.002325657811284541,4.923634797200255e-5,0.22371175774046448,0.0033042389133301382,0.012933486924377947,8.062711267841332e-4,4.691089370512005e-5,0,0.00155746508566892
male,75 to 79,16662.365889638764,174.2594931735688,35.347667757041634,15.834784738589365,43.31170055040071,1.3465840304503647,22.327734318422188,594.0776925777321,1989.690442968,455.5183601892,88.8986714939,62.3828342771,193.55556971369998,22.10563999834,8.196003128640001,63.5647858309,851.593466014,89889.5430492,171.5890975554,269.6006882258,66.7221899006,1.259873415896,67.8177252793,8487.48111545,3542.04061961,986.163826135,942.086977425,4746.041054067,61.9988686611,7.16943793773,808.406092478,18.339155760449998,16650.15131419,891.380368399,4324.009320414,133.8918358206,10.74675851578,393.9799544288,478.0245801433,81.79352407569999,157.4946977845,145.830189463,271.5995821497,6.65264570754,2.058778234444,38.66596829259,1.0477757856,4191.423571875,120.3550073408,274.7300659525,17.3995334104,1.027382359612,35.8643562312,0,0,0,6.767110224315189,95.00364972820202,12.099149632638142,4.393301919208791,49.95919287597194,0.5334757788124747,24.593907645066196,0,34.732382051278066,77,male_77,0.010458268311220402,0.005701690285608155,0.0021214074874578307,9.503323143585498e-4,0.0025993727923915907,7.261363549915689e-4,4.0613141429832677e-4,8.081589609598702e-5,0.0013400098441186162,0.03565386191328029,0.0020844808163092772,2.636661533126396e-4,0.0029983252802675696,3.201680855803367e-5,0,0.0014760153394758628,0.11941224050332842,0.027338156130184196,0.005335297045012093,0.0037439361667055823,0.011616331737983232,0.0013266807453847867,4.91887117527323e-4,0.003814871564573359,0.05110879641309223,5.39476468375337,0.010298003218264462,0.016180216543765075,0.004004364706820546,7.561191635333329e-5,0,0.004070113795872855,0.5093803107953481,0.2125772920286526,0.05918510208374615,0.05653980855208697,0.2848359642023137,0.0037208922833493314,4.3027730786947873e-4,0.04851688516699149,0.0011006333603473394,0.9992669363084651,0.053496626727738056,0.2595075242647756,0.008035583704464116,6.449719437779665e-4,0,0.023644898751970775,0.028688877876613682,0.0049088781639684215,0.00945212095495008,0.008752069809827083,0.016300181135656733,3.9926177060346785e-4,1.2355857794025635e-4,0.00232055690942628,6.288277382334661e-5,0.2515503260243116,0.007223164353607246,0.016488058644981304,0.001044241467606928,6.165885243528723e-5,0,0.0021524167977550954
male,80 to 84,11453.934293642431,234.8698053159134,53.777456425163045,31.691372967870254,55.39795505341077,1.447325256721689,41.658557422109055,761.1112923837608,1816.536785845,395.0896421254,93.4711543464,65.0186963715,136.194596779,20.86227419144,7.49425677363,55.283986954599996,1143.23653039,70217.7221723,211.18866755739998,157.13963658469999,53.43423448109,0.937088209769,53.9388913815,6475.62295871,2837.118748705,845.06554088,827.28159225700006,3790.447793925,48.33961063687,7.11612261927,587.986214064,23.01063031847,11449.61129594,1228.350717797,3806.5649809300003,87.0707782274,7.48657089302,250.2305175477,408.48805156369997,67.6046214836,149.850925809,141.2640880305,214.87028376019998,5.61813428061,1.921268965566,26.57951256021,1.280593490672,3275.030984909,201.04144800199998,241.65694035090002,12.72544413791,0.728512094714,25.6157625948,0,0,0,6.158097417080315,123.51496862786391,13.581954501315309,6.011413017301804,45.10729626244923,0.5552119014399038,26.98846776646864,0,70.1819367378685,82,male_82,0.020505600896128694,0.010783628180617517,0.004695107815924221,0.002766854790275925,0.004836587467081918,0.0011857894547949387,5.376403652409985e-4,1.2636053425983375e-4,0.0036370522437195983,0.06644976938677043,0.006127321402290858,5.248339010149964e-4,0.003938148683765916,4.847346660160931e-5,0,0.0023562617939452244,0.15859500668283724,0.03449379331123775,0.008160615553581592,0.005676538271010423,0.011890638909513874,0.0018214068333725051,6.542954221231851e-4,0.004826637340261824,0.09981168924851959,6.130445694216592,0.018438089667986084,0.013719271697928389,0.004665142396595462,8.181365334784013e-5,0,0.0047092020958631724,0.5653623281481831,0.24769818614026434,0.07377949962128369,0.07222684983588454,0.33092976585599143,0.004220349916246784,6.212819487902809e-4,0.05133486878743184,0.0020089717409364025,0.9996225753010622,0.10724268939440336,0.3323368969422895,0.007601822744498291,6.536243967433498e-4,0,0.021846687010121213,0.03566355813569085,0.005902305683831652,0.01308292172517312,0.012333237157551132,0.018759517756223285,4.904982110582192e-4,1.6773878008296335e-4,0.002320557450287025,1.1180380975144938e-4,0.28593065936538714,0.017552174025792094,0.021098160174101314,0.0011110107506879384,6.360365583015127e-5,0,0.0022364160591542915
male,85 to 89,6380.93523107502,270.6774572246944,69.1758275168323,42.98159063843413,60.093484674405005,1.2806966654018554,74.58644918356568,865.1498755293801,1260.846957146,262.99538893420004,81.3183287738,56.3131755912,88.646770631,18.752516025509998,5.82971685782,35.87788304956,1188.755202245,45143.45137294,173.6530078522,30.17081601519,42.81746035741,0.866478103841,50.8554346531,3734.619574469,1603.9126622150002,570.691031468,560.894754662,2385.656288148,37.660615003160004,4.7816771089720005,346.2680428074,24.1015751992,6379.6523359,1154.954188194,2351.572150779,62.08056351570001,5.8573465392,198.2368215643,258.5653598855,40.39759632219,107.57759000749999,101.13946794339999,131.97916088149998,4.730816162759,1.4533484405100001,14.47554980579,1.303603843593,2097.343248839,183.93833304059999,148.2688316142,9.69109686117,0.5797547440812,22.729801713489998,0,0,0,4.781730013787718,135.86604429538548,12.202841313069557,6.842489430024535,36.111620969639354,0.5129913251772472,25.434971812550103,0,107.3961924389503,87,male_87,0.04241971551544684,0.021292497004783986,0.010841017031476432,0.0067359390249120046,0.00941766096946902,0.0019123907187839765,7.493776132534293e-4,2.007067332645675e-4,0.011688952556724167,0.13558355385212476,0.016830791811822992,0.0010723333151387833,0.005659299093615074,8.039437897425918e-5,0,0.003986088385395659,0.19759594972939107,0.04121580605510898,0.012743951447396215,0.008825222879078293,0.013892441690881314,0.0029388350369371624,9.136147988823648e-4,0.005622668425599348,0.1862979577751843,7.07473900582666,0.02721435049309285,0.004728274919365857,0.006710217046067145,1.3579170959474246e-4,0,0.007969902970560664,0.5852777750009875,0.2513601226359389,0.08943689456190476,0.0879016530257907,0.37387251268903404,0.005902052542353604,7.493693221779362e-4,0.0542660331546827,0.003777122682867213,0.9997989487232574,0.18100076969429144,0.368530954416665,0.009729069684545451,9.179448352139426e-4,0,0.03106704807140039,0.04052154590541715,0.006330983603383804,0.016859219865388915,0.015850257725678347,0.02068335692215841,7.413985554531293e-4,2.2776417372679538e-4,0.0022685624099888016,2.0429667382368603e-4,0.3286890044934138,0.02882623414587006,0.02323622262958162,0.0015187580676222134,9.085733095327572e-5,0,0.003562142678207474
male,90 to 94,2531.900309905828,174.42240163224767,45.69665073532353,29.02015260711446,35.004578630417406,0.6407676170948757,50.70823349171464,535.69269694687,594.822597681,118.2156288548,43.89802771616,30.33986899041,52.3432093816,9.82017646357,2.261616083797,16.46260874297,690.381720985,20095.57601465,90.9129355093,1.281780765466,16.46278223338,0.534720328048,25.98110987891,1454.336593262,529.448124372,257.442461793,253.4996300995,1072.487761869,16.24934303369,1.3922555098579998,147.0772865667,13.83904618524,2531.5392770920002,639.547874493,930.9370321920001,20.45567291485,2.949720654622,82.2906842783,109.7626061835,14.80616587078,50.90990471203,47.68972207119,57.8959513473,2.300991091607,0.54424725236,5.79305856522,0.73457530373,917.763783294,99.7298755154,58.516786906700005,3.516963610402,0.3300543722629,10.73962118403,0,0,0,1.8543700859680912,87.73763801982714,6.38649413224202,4.306278436462408,13.878488193466438,0.31641456827743153,12.98090456497912,0,89.59868669404193,92,male_92,0.06888991677509418,0.03465288016141934,0.018048360970824785,0.011461806965138308,0.013825417412156867,0.0025224113711173565,7.324024878519261e-4,2.530777434593025e-4,0.02002773699000838,0.21157732587299008,0.03538792042620923,0.001700808842913162,0.005481451279565836,1.249711795679666e-4,0,0.005126941417950983,0.23493128673108143,0.046690475289367504,0.017337976358868863,0.011983042488564041,0.020673487489539767,0.003878579431089549,8.932484722833021e-4,0.006502076198877796,0.27267334273942173,7.936953890336005,0.03590699647755145,5.062524620148551e-4,0.006502144720694915,2.1119327880167937e-4,0,0.010261505864690362,0.5744051563057365,0.20911096787680886,0.10167954116747012,0.10012227934397966,0.4235900432860606,0.006417844719286906,5.498855955785177e-4,0.058089683069777104,0.0054658732538149304,0.9998574063866514,0.2525959936063942,0.3676831305520972,0.008079177854996521,0.0011650224312076932,0,0.032501549905557196,0.043351867272998015,0.005847847094473756,0.020107389107244727,0.018835544940141728,0.022866599889730013,9.08800035532435e-4,2.1495603528728303e-4,0.002288027906373402,2.901280515887776e-4,0.36248022076672337,0.03938933737841731,0.023111805262536773,0.0013890608554539853,1.3035836007112622e-4,0,0.004241723555233282
male,95 plus,544.8852845851436,62.325794996170316,17.372044172523527,11.253514433538847,11.636196908036272,0.20159095244933356,19.997840065709354,180.25594091688157,146.972457752,27.731353680879998,11.960726455949999,8.25625084964,15.41513295337,2.836383921923,0.5044673728,4.0415393356700005,195.3780318192,4757.021618375,23.709464447280002,0.1538693926367,3.328159759198,0.1880209519992,6.7127470015,290.2633260609,63.5607663201,59.4273384075,58.4706637939,272.89903800319996,1.748267601627,0.0280070527099,34.73984970609,3.856557493137,544.827530874,163.6494599175,193.6091414362,1.942876205485,0.5062083355136,8.45549232356,25.23262256203,2.532749714746,12.4864690298,11.65038671712,14.354845750339999,0.4983026171956,0.101468948218,1.337002340535,0.2025203505502,207.7675095234,25.22731347213,12.24416240661,0.591437914455,0.0584654703001,1.7110133420759999,0,0,0,0.41369577490189124,31.370526076809814,1.8452917259552915,1.526291222808293,2.8064565507870123,0.11130831554145967,3.3542591705537546,0,31.030527733133745,97,male_97,0.11438333307830652,0.05757271661445991,0.0318820211592794,0.02065299752425297,0.02135531503093474,0.0033865692066913336,7.592346253521319e-4,3.6996952964662603e-4,0.03670100960963738,0.33081447786596413,0.05694873510258089,0.002801123953953642,0.0051505456839851145,2.04278439316279e-4,0,0.0061558997195300825,0.2697310092782183,0.05089393027377069,0.021950907455789474,0.015152273484364728,0.028290602424887536,0.005205469852397505,9.258230806950193e-4,0.007417229736250054,0.358567275253091,8.73031765208493,0.043512763361432213,2.8238859993044355e-4,0.0061080008092564714,3.4506520421514504e-4,0,0.012319560082469191,0.5327053863858633,0.11664981257200388,0.10906394444611563,0.10730820862306366,0.5008375996260858,0.003208505810462599,5.139990655321804e-5,0.06375626336200232,0.007077742053675108,0.9998940075777829,0.3003374555106529,0.35532092151030864,0.0035656609940645347,9.290181802193633e-4,0,0.015517931136638628,0.046308137282953465,0.0046482255740753695,0.02291577582115611,0.02138135685934369,0.026344711733717073,9.14509221101447e-4,1.862207534109769e-4,0.0024537317823749754,3.71675206285653e-4,0.3813050478718412,0.04629839378271554,0.022471082910474033,0.0010854356525801573,1.072986772704158e-4,0,0.0031401349797484527
